Route ID,Origin,Destination,Route_Distance_km,Route_Type,Traffic,Weather,Cargo_Weight_kg,Fuel_Efficiency_kmpl,Adjusted_Efficiency,Fuel_Used_Litres,CO2_Emissions_kg
Ahmedabad-Surat,Ahmedabad,Surat,224.03,Mixed,Low,Clear,12815.52,2.72,2.72,82.26,220.47
Ahmedabad-Surat,Ahmedabad,Surat,185.76,Highway,Medium,Clear,7459.64,3.75,3.38,55.03,147.49
Ahmedabad-Surat,Ahmedabad,Surat,202.55,Mixed,Medium,Foggy,14199.78,2.82,2.15,94.05,252.05
Ahmedabad-Vadodara,Ahmedabad,Vadodara,112.68,Urban,Medium,Clear,8685.76,2.61,2.35,48.03,128.73
Ahmedabad-Vadodara,Ahmedabad,Vadodara,102.24,Urban,Low,Foggy,3487.48,2.61,2.22,46.02,123.34
Ahmedabad-Vadodara,Ahmedabad,Vadodara,99.43,Mixed,Medium,Foggy,14934.2,3.23,2.47,40.29,107.97
Ahmedabad-Vadodara,Ahmedabad,Vadodara,92.65,Urban,Medium,Summer,19408.49,3.99,3.42,27.13,72.71
Ahmedabad-Vapi,Ahmedabad,Vapi,309.49,Urban,Medium,Clear,10701.08,3.58,3.22,95.97,257.19
Ahmedabad-Vapi,Ahmedabad,Vapi,328.83,Urban,High,Clear,3334.25,2.98,2.23,147.16,394.38
Ahmedabad-Vapi,Ahmedabad,Vapi,288.09,Mixed,Low,Clear,17176.56,3.93,3.93,73.35,196.58
Ahmedabad-Vapi,Ahmedabad,Vapi,332.46,Mixed,High,Clear,7286.78,4.35,3.26,101.98,273.3
Ahmedabad-Vapi,Ahmedabad,Vapi,309.06,Mixed,High,Summer,6238.05,3.42,2.44,126.9,340.09
Ahmedabad-Rajkot,Ahmedabad,Rajkot,205.89,Urban,Medium,Foggy,13126.3,4.31,3.29,62.49,167.46
Ahmedabad-Rajkot,Ahmedabad,Rajkot,180.53,Mixed,Medium,Foggy,15930.42,3.99,3.05,59.11,158.41
Ahmedabad-Rajkot,Ahmedabad,Rajkot,207.78,Urban,Medium,Clear,3566.36,2.53,2.27,91.36,244.85
Ahmedabad-Rajkot,Ahmedabad,Rajkot,179.32,Urban,Low,Clear,6131.31,3.53,3.53,50.8,136.16
Ahmedabad-Rajkot,Ahmedabad,Rajkot,184.2,Mixed,Medium,Summer,17087.95,3.62,3.09,59.58,159.66
Ahmedabad-Bhavnagar,Ahmedabad,Bhavnagar,164.15,Highway,Low,Rainy,18761.56,2.66,2.26,72.6,194.57
Ahmedabad-Bhavnagar,Ahmedabad,Bhavnagar,136.9,Mixed,Low,Clear,19571.26,3.01,3.01,45.45,121.81
Ahmedabad-Bhavnagar,Ahmedabad,Bhavnagar,159.89,Mixed,Medium,Summer,15913.31,2.69,2.3,69.44,186.09
Ahmedabad-Gandhinagar,Ahmedabad,Gandhinagar,26.84,Highway,Low,Foggy,15567.44,2.54,2.16,12.43,33.3
Ahmedabad-Gandhinagar,Ahmedabad,Gandhinagar,24.1,Urban,Low,Clear,3564.12,2.76,2.76,8.74,23.43
Ahmedabad-Gandhinagar,Ahmedabad,Gandhinagar,24.85,Highway,Low,Clear,13499.75,3.96,3.96,6.28,16.83
Ahmedabad-Gandhinagar,Ahmedabad,Gandhinagar,25.67,Urban,Medium,Clear,6247.6,2.82,2.54,10.11,27.08
Ahmedabad-Junagadh,Ahmedabad,Junagadh,253.19,Highway,Medium,Summer,5009.27,3.21,2.75,92.2,247.1
Ahmedabad-Junagadh,Ahmedabad,Junagadh,286.89,Highway,Medium,Summer,2162.43,2.78,2.38,120.64,323.31
Ahmedabad-Junagadh,Ahmedabad,Junagadh,296.14,Highway,Medium,Rainy,2060.45,4.19,3.21,92.35,247.5
Ahmedabad-Kutch,Ahmedabad,Kutch,285.0,Mixed,Medium,Clear,16724.13,3.06,2.76,103.33,276.92
Ahmedabad-Kutch,Ahmedabad,Kutch,262.1,Mixed,Medium,Summer,12461.5,3.93,3.36,78.04,209.16
Ahmedabad-Kutch,Ahmedabad,Kutch,260.22,Highway,Medium,Clear,8065.16,2.68,2.41,107.82,288.97
Ahmedabad-Kutch,Ahmedabad,Kutch,244.34,Mixed,Medium,Summer,17180.27,3.56,3.05,80.24,215.03
Ahmedabad-Anand,Ahmedabad,Anand,64.96,Mixed,Medium,Storm,14327.42,3.31,2.53,25.64,68.71
Ahmedabad-Anand,Ahmedabad,Anand,60.5,Urban,High,Summer,5510.64,2.93,2.09,28.95,77.58
Ahmedabad-Anand,Ahmedabad,Anand,69.68,Highway,Medium,Rainy,16600.73,4.46,3.41,20.41,54.7
Ahmedabad-Anand,Ahmedabad,Anand,72.2,Mixed,Low,Clear,15546.76,3.96,3.96,18.25,48.9
Ahmedabad-Navsari,Ahmedabad,Navsari,215.35,Highway,High,Clear,14360.88,4.08,3.06,70.37,188.59
Ahmedabad-Navsari,Ahmedabad,Navsari,244.22,Urban,Medium,Summer,15938.75,4.2,3.59,68.07,182.44
Ahmedabad-Navsari,Ahmedabad,Navsari,253.26,Mixed,Medium,Summer,3399.23,3.73,3.19,79.35,212.65
Ahmedabad-Nadiad,Ahmedabad,Nadiad,53.15,Mixed,Low,Rainy,19511.74,4.08,3.47,15.32,41.07
Ahmedabad-Nadiad,Ahmedabad,Nadiad,42.73,Highway,Medium,Rainy,4654.32,4.17,3.19,13.39,35.89
Ahmedabad-Nadiad,Ahmedabad,Nadiad,44.14,Highway,Medium,Foggy,12666.1,3.62,2.77,15.93,42.7
Ahmedabad-Patan,Ahmedabad,Patan,121.23,Urban,Low,Clear,6039.44,2.57,2.57,47.23,126.58
Ahmedabad-Patan,Ahmedabad,Patan,128.6,Highway,Medium,Clear,2242.19,3.52,3.16,40.65,108.94
Ahmedabad-Patan,Ahmedabad,Patan,127.42,Urban,Medium,Foggy,3021.54,2.91,2.22,57.31,153.58
Ahmedabad-Morbi,Ahmedabad,Morbi,164.05,Urban,Medium,Rainy,7725.81,4.19,3.21,51.12,137.01
Ahmedabad-Morbi,Ahmedabad,Morbi,179.58,Mixed,High,Clear,4198.76,3.58,2.69,66.84,179.14
Ahmedabad-Morbi,Ahmedabad,Morbi,160.01,Highway,Medium,Clear,7789.46,4.37,3.94,40.65,108.94
Ahmedabad-Morbi,Ahmedabad,Morbi,163.25,Mixed,Medium,Storm,6162.67,2.82,2.16,75.75,203.01
Ahmedabad-Bharuch,Ahmedabad,Bharuch,141.18,Mixed,Medium,Clear,14058.17,3.08,2.78,50.87,136.32
Ahmedabad-Bharuch,Ahmedabad,Bharuch,137.88,Highway,Medium,Clear,6634.51,4.29,3.86,35.69,95.65
Ahmedabad-Bharuch,Ahmedabad,Bharuch,143.82,Mixed,Low,Clear,17781.75,3.87,3.87,37.2,99.69
Ahmedabad-Bharuch,Ahmedabad,Bharuch,171.85,Urban,Medium,Summer,15196.55,3.69,3.15,54.52,146.11
Surat-Ahmedabad,Surat,Ahmedabad,219.32,Highway,High,Summer,11779.14,2.79,1.98,110.52,296.19
Surat-Ahmedabad,Surat,Ahmedabad,228.14,Highway,Medium,Summer,5776.26,4.4,3.76,60.65,162.55
Surat-Ahmedabad,Surat,Ahmedabad,197.04,Highway,Low,Rainy,7346.89,3.89,3.31,59.58,159.66
Surat-Vadodara,Surat,Vadodara,128.61,Urban,Medium,Rainy,2043.11,4.49,3.44,37.41,100.27
Surat-Vadodara,Surat,Vadodara,139.73,Highway,Medium,Clear,2457.14,3.6,3.24,43.16,115.67
Surat-Vadodara,Surat,Vadodara,121.54,Urban,Low,Clear,12046.54,3.15,3.15,38.57,103.36
Surat-Vadodara,Surat,Vadodara,130.89,Highway,High,Clear,7220.29,3.51,2.63,49.68,133.14
Surat-Vadodara,Surat,Vadodara,139.49,Mixed,High,Rainy,5011.62,4.22,2.69,51.79,138.8
Surat-Vapi,Surat,Vapi,84.33,Mixed,High,Clear,7675.43,3.18,2.39,35.34,94.71
Surat-Vapi,Surat,Vapi,105.38,Mixed,Medium,Rainy,17164.64,3.14,2.4,43.9,117.66
Surat-Vapi,Surat,Vapi,100.38,Urban,Low,Rainy,13276.39,2.94,2.5,40.19,107.7
Surat-Vapi,Surat,Vapi,94.66,Mixed,Medium,Summer,18692.79,4.47,3.82,24.78,66.41
Surat-Rajkot,Surat,Rajkot,262.28,Highway,High,Rainy,17165.89,3.45,2.2,119.12,319.25
Surat-Rajkot,Surat,Rajkot,259.73,Highway,Medium,Foggy,15235.01,3.13,2.39,108.59,291.02
Surat-Rajkot,Surat,Rajkot,273.15,Mixed,Medium,Summer,14767.04,3.58,3.06,89.29,239.31
Surat-Bhavnagar,Surat,Bhavnagar,85.46,Mixed,High,Rainy,10432.58,3.5,2.23,38.27,102.55
Surat-Bhavnagar,Surat,Bhavnagar,90.29,Urban,Medium,Rainy,18268.05,4.05,3.1,29.14,78.08
Surat-Bhavnagar,Surat,Bhavnagar,87.35,Mixed,Low,Clear,18112.4,4.31,4.31,20.27,54.33
Surat-Gandhinagar,Surat,Gandhinagar,211.41,Urban,Medium,Clear,4808.01,3.35,3.02,70.07,187.79
Surat-Gandhinagar,Surat,Gandhinagar,255.72,Highway,Low,Clear,17177.8,3.44,3.44,74.39,199.37
Surat-Gandhinagar,Surat,Gandhinagar,243.66,Urban,High,Clear,11882.74,3.55,2.66,91.47,245.15
Surat-Gandhinagar,Surat,Gandhinagar,237.25,Urban,Medium,Foggy,19193.71,4.28,3.28,72.44,194.14
Surat-Gandhinagar,Surat,Gandhinagar,224.59,Highway,Medium,Foggy,12312.14,4.39,3.36,66.9,179.28
Surat-Junagadh,Surat,Junagadh,268.58,Highway,Low,Clear,5802.45,3.29,3.29,81.6,218.7
Surat-Junagadh,Surat,Junagadh,261.07,Mixed,Low,Storm,18285.93,4.43,3.77,69.28,185.68
Surat-Junagadh,Surat,Junagadh,231.5,Urban,Medium,Clear,9710.59,3.77,3.39,68.28,183.0
Surat-Junagadh,Surat,Junagadh,281.26,Highway,High,Rainy,17952.46,2.72,1.74,161.94,434.0
Surat-Kutch,Surat,Kutch,442.76,Highway,Medium,Summer,15639.04,3.49,2.98,148.58,398.21
Surat-Kutch,Surat,Kutch,355.6,Highway,High,Clear,4481.96,2.97,2.23,159.79,428.24
Surat-Kutch,Surat,Kutch,360.71,Highway,High,Clear,19840.95,3.02,2.26,159.3,426.93
Surat-Kutch,Surat,Kutch,384.24,Urban,High,Foggy,15758.09,2.81,1.79,214.59,575.09
Surat-Kutch,Surat,Kutch,442.69,Urban,Medium,Rainy,7882.13,4.12,3.15,140.35,376.13
Surat-Anand,Surat,Anand,145.44,Urban,High,Foggy,7866.64,4.29,2.74,53.16,142.47
Surat-Anand,Surat,Anand,170.35,Urban,Medium,Storm,6850.93,3.55,2.71,62.76,168.19
Surat-Anand,Surat,Anand,142.14,Urban,Medium,Storm,5336.7,3.4,2.6,54.65,146.47
Surat-Anand,Surat,Anand,165.44,Highway,Medium,Clear,12972.48,4.37,3.93,42.08,112.76
Surat-Anand,Surat,Anand,143.51,Urban,Low,Clear,15757.23,3.69,3.69,38.9,104.25
Surat-Navsari,Surat,Navsari,33.04,Highway,Low,Rainy,12459.52,2.64,2.24,14.74,39.49
Surat-Navsari,Surat,Navsari,32.61,Highway,Medium,Summer,4552.42,2.59,2.21,14.73,39.49
Surat-Navsari,Surat,Navsari,34.65,Mixed,Medium,Clear,11381.93,3.77,3.39,10.22,27.38
Surat-Navsari,Surat,Navsari,31.39,Highway,Low,Clear,19874.33,2.51,2.51,12.52,33.55
Surat-Nadiad,Surat,Nadiad,157.36,Urban,High,Clear,3493.13,2.6,1.95,80.65,216.14
Surat-Nadiad,Surat,Nadiad,170.91,Urban,Medium,Clear,10497.45,2.81,2.53,67.66,181.34
Surat-Nadiad,Surat,Nadiad,181.81,Mixed,High,Rainy,12930.71,4.01,2.56,71.12,190.6
Surat-Nadiad,Surat,Nadiad,165.06,Highway,High,Rainy,12805.87,2.56,1.63,101.09,270.92
Surat-Nadiad,Surat,Nadiad,157.81,Highway,High,Summer,17579.8,2.73,1.95,81.11,217.36
Surat-Patan,Surat,Patan,348.27,Highway,Low,Clear,17600.71,3.45,3.45,100.88,270.36
Surat-Patan,Surat,Patan,329.28,Mixed,Low,Summer,16714.53,4.11,3.91,84.32,225.97
Surat-Patan,Surat,Patan,351.23,Highway,High,Foggy,7024.91,3.06,1.95,180.02,482.46
Surat-Morbi,Surat,Morbi,305.73,Highway,Low,Foggy,11419.7,3.71,3.15,97.01,259.98
Surat-Morbi,Surat,Morbi,300.9,Highway,Low,Storm,14289.82,3.57,3.03,99.16,265.76
Surat-Morbi,Surat,Morbi,283.93,Highway,High,Clear,2398.69,3.59,2.69,105.43,282.55
Surat-Bharuch,Surat,Bharuch,61.42,Highway,High,Rainy,4548.09,3.58,2.28,26.91,72.11
Surat-Bharuch,Surat,Bharuch,62.5,Highway,High,Storm,2440.59,3.8,2.42,25.81,69.17
Surat-Bharuch,Surat,Bharuch,65.43,Highway,Low,Clear,12528.75,2.84,2.84,23.02,61.69
Vadodara-Ahmedabad,Vadodara,Ahmedabad,96.99,Urban,Medium,Rainy,17630.46,4.08,3.12,31.06,83.25
Vadodara-Ahmedabad,Vadodara,Ahmedabad,111.5,Mixed,High,Storm,2332.77,3.1,1.97,56.47,151.34
Vadodara-Ahmedabad,Vadodara,Ahmedabad,93.08,Highway,High,Clear,16831.66,4.03,3.02,30.79,82.52
Vadodara-Ahmedabad,Vadodara,Ahmedabad,112.17,Urban,High,Clear,12733.86,3.36,2.52,44.47,119.18
Vadodara-Ahmedabad,Vadodara,Ahmedabad,107.04,Highway,Low,Clear,14475.03,2.67,2.67,40.07,107.38
Vadodara-Surat,Vadodara,Surat,139.8,Highway,Low,Foggy,4933.73,3.91,3.32,42.11,112.86
Vadodara-Surat,Vadodara,Surat,127.82,Mixed,Medium,Clear,19071.37,3.28,2.95,43.33,116.13
Vadodara-Surat,Vadodara,Surat,131.89,Urban,High,Summer,6687.53,3.47,2.47,53.34,142.95
Vadodara-Surat,Vadodara,Surat,128.83,Urban,Medium,Storm,15144.79,3.09,2.36,54.47,145.99
Vadodara-Vapi,Vadodara,Vapi,234.35,Urban,Medium,Rainy,8310.6,3.28,2.51,93.38,250.25
Vadodara-Vapi,Vadodara,Vapi,214.32,Mixed,Medium,Clear,14067.86,4.19,3.77,56.84,152.32
Vadodara-Vapi,Vadodara,Vapi,217.29,Mixed,High,Rainy,11154.51,4.42,2.82,77.11,206.66
Vadodara-Rajkot,Vadodara,Rajkot,226.64,Mixed,High,Summer,2964.31,3.97,2.83,80.12,214.72
Vadodara-Rajkot,Vadodara,Rajkot,229.19,Highway,Medium,Storm,13928.84,2.99,2.29,100.12,268.33
Vadodara-Rajkot,Vadodara,Rajkot,260.62,Urban,Medium,Clear,7642.47,2.73,2.46,106.14,284.45
Vadodara-Rajkot,Vadodara,Rajkot,229.76,Mixed,Medium,Rainy,6695.57,4.27,3.27,70.35,188.54
Vadodara-Bhavnagar,Vadodara,Bhavnagar,133.85,Highway,High,Foggy,5301.93,3.22,2.05,65.16,174.63
Vadodara-Bhavnagar,Vadodara,Bhavnagar,136.88,Highway,Low,Foggy,19050.09,3.65,3.11,44.06,118.09
Vadodara-Bhavnagar,Vadodara,Bhavnagar,131.9,Mixed,Medium,Rainy,18984.23,3.82,2.93,45.08,120.81
Vadodara-Bhavnagar,Vadodara,Bhavnagar,134.2,Highway,Medium,Summer,13678.7,3.21,2.75,48.86,130.95
Vadodara-Gandhinagar,Vadodara,Gandhinagar,109.07,Urban,Medium,Rainy,17490.08,3.01,2.3,47.33,126.83
Vadodara-Gandhinagar,Vadodara,Gandhinagar,125.43,Mixed,Medium,Clear,7367.59,3.38,3.04,41.25,110.56
Vadodara-Gandhinagar,Vadodara,Gandhinagar,126.52,Urban,Low,Rainy,12590.75,4.05,3.44,36.78,98.58
Vadodara-Gandhinagar,Vadodara,Gandhinagar,134.05,Highway,Medium,Clear,12751.25,3.04,2.74,49.01,131.35
Vadodara-Junagadh,Vadodara,Junagadh,282.36,Highway,Low,Clear,15904.4,4.31,4.31,65.49,175.51
Vadodara-Junagadh,Vadodara,Junagadh,293.01,Highway,High,Rainy,19514.06,2.9,1.85,158.35,424.37
Vadodara-Junagadh,Vadodara,Junagadh,329.52,Urban,High,Rainy,12562.61,2.72,1.73,190.34,510.11
Vadodara-Junagadh,Vadodara,Junagadh,304.77,Mixed,Medium,Clear,11633.4,3.02,2.72,112.1,300.43
Vadodara-Junagadh,Vadodara,Junagadh,278.59,Highway,High,Clear,18375.15,3.85,2.89,96.46,258.5
Vadodara-Kutch,Vadodara,Kutch,401.62,Mixed,Low,Clear,3654.41,3.46,3.46,116.23,311.49
Vadodara-Kutch,Vadodara,Kutch,407.87,Mixed,Medium,Summer,13566.58,3.08,2.63,155.09,415.63
Vadodara-Kutch,Vadodara,Kutch,375.94,Highway,High,Rainy,19321.54,2.65,1.69,222.29,595.75
Vadodara-Kutch,Vadodara,Kutch,350.0,Urban,Medium,Foggy,18476.44,2.93,2.24,156.03,418.15
Vadodara-Kutch,Vadodara,Kutch,324.62,Highway,High,Foggy,18980.4,4.26,2.72,119.4,319.99
Vadodara-Anand,Vadodara,Anand,42.3,Urban,Medium,Rainy,11410.89,3.26,2.5,16.94,45.41
Vadodara-Anand,Vadodara,Anand,42.15,Mixed,High,Clear,3398.25,2.7,2.02,20.85,55.88
Vadodara-Anand,Vadodara,Anand,36.06,Urban,High,Clear,14511.0,2.52,1.89,19.1,51.18
Vadodara-Anand,Vadodara,Anand,40.63,Urban,High,Clear,4291.78,3.94,2.96,13.73,36.8
Vadodara-Anand,Vadodara,Anand,39.44,Mixed,High,Rainy,16120.71,3.72,2.37,16.62,44.53
Vadodara-Navsari,Vadodara,Navsari,136.5,Highway,Low,Summer,8337.44,3.32,3.15,43.3,116.03
Vadodara-Navsari,Vadodara,Navsari,150.58,Mixed,High,Clear,17249.11,3.31,2.48,60.64,162.52
Vadodara-Navsari,Vadodara,Navsari,143.3,Mixed,Medium,Clear,19237.8,3.72,3.34,42.84,114.81
Vadodara-Navsari,Vadodara,Navsari,158.63,Urban,Medium,Rainy,2089.05,4.28,3.27,48.47,129.91
Vadodara-Navsari,Vadodara,Navsari,150.32,Highway,Medium,Rainy,13754.69,3.8,2.91,51.73,138.63
Vadodara-Nadiad,Vadodara,Nadiad,51.53,Mixed,Low,Clear,15983.16,2.88,2.88,17.86,47.87
Vadodara-Nadiad,Vadodara,Nadiad,59.7,Highway,High,Clear,14777.14,3.87,2.9,20.59,55.17
Vadodara-Nadiad,Vadodara,Nadiad,56.83,Mixed,Medium,Rainy,16420.12,3.16,2.41,23.54,63.1
Vadodara-Nadiad,Vadodara,Nadiad,54.84,Mixed,Medium,Rainy,8043.43,4.47,3.42,16.03,42.95
Vadodara-Nadiad,Vadodara,Nadiad,56.43,Highway,Medium,Clear,9190.4,4.09,3.68,15.35,41.13
Vadodara-Patan,Vadodara,Patan,251.82,Urban,Medium,Clear,7725.78,3.33,2.99,84.13,225.46
Vadodara-Patan,Vadodara,Patan,236.17,Urban,High,Summer,4851.96,3.72,2.65,89.12,238.84
Vadodara-Patan,Vadodara,Patan,222.68,Urban,Medium,Summer,10412.01,3.15,2.7,82.57,221.3
Vadodara-Morbi,Vadodara,Morbi,267.44,Urban,Medium,Foggy,9193.85,3.73,2.85,93.77,251.31
Vadodara-Morbi,Vadodara,Morbi,260.01,Highway,Low,Clear,19871.47,3.73,3.73,69.62,186.59
Vadodara-Morbi,Vadodara,Morbi,253.45,Highway,Medium,Clear,10186.57,3.64,3.28,77.28,207.1
Vadodara-Morbi,Vadodara,Morbi,225.02,Highway,High,Clear,8314.21,3.98,2.99,75.32,201.86
Vadodara-Bharuch,Vadodara,Bharuch,64.37,Urban,High,Summer,4827.51,3.62,2.58,24.93,66.81
Vadodara-Bharuch,Vadodara,Bharuch,69.79,Highway,High,Summer,19631.55,4.16,2.96,23.57,63.16
Vadodara-Bharuch,Vadodara,Bharuch,75.22,Urban,Low,Rainy,14317.77,2.87,2.44,30.84,82.65
Vadodara-Bharuch,Vadodara,Bharuch,74.2,Mixed,Low,Clear,13494.37,2.69,2.69,27.61,74.0
Vapi-Ahmedabad,Vapi,Ahmedabad,311.74,Urban,Medium,Rainy,7217.12,2.68,2.05,151.89,407.08
Vapi-Ahmedabad,Vapi,Ahmedabad,269.86,Mixed,Medium,Summer,4412.26,3.35,2.87,94.12,252.23
Vapi-Ahmedabad,Vapi,Ahmedabad,334.47,Urban,High,Summer,16175.98,3.89,2.77,120.76,323.65
Vapi-Ahmedabad,Vapi,Ahmedabad,321.58,Mixed,Medium,Storm,17042.64,2.67,2.04,157.54,422.21
Vapi-Ahmedabad,Vapi,Ahmedabad,274.64,Mixed,Medium,Rainy,14878.57,4.08,3.12,87.99,235.8
Vapi-Surat,Vapi,Surat,84.84,Urban,Low,Foggy,14092.29,3.77,3.2,26.49,71.0
Vapi-Surat,Vapi,Surat,103.02,Highway,Medium,Foggy,11939.53,3.28,2.51,41.02,109.92
Vapi-Surat,Vapi,Surat,90.09,Highway,Low,Storm,18658.77,3.4,2.89,31.2,83.62
Vapi-Surat,Vapi,Surat,90.76,Urban,High,Summer,11104.13,4.13,2.94,30.88,82.75
Vapi-Vadodara,Vapi,Vadodara,232.57,Urban,High,Clear,8505.89,3.46,2.6,89.54,239.98
Vapi-Vadodara,Vapi,Vadodara,219.64,Highway,Medium,Foggy,13012.68,3.53,2.7,81.29,217.86
Vapi-Vadodara,Vapi,Vadodara,196.02,Highway,High,Summer,8114.42,2.77,1.97,99.43,266.47
Vapi-Rajkot,Vapi,Rajkot,320.59,Urban,Medium,Storm,8528.21,3.03,2.32,138.09,370.09
Vapi-Rajkot,Vapi,Rajkot,293.2,Urban,Medium,Clear,2804.62,3.31,2.98,98.41,263.74
Vapi-Rajkot,Vapi,Rajkot,293.6,Highway,Medium,Foggy,16458.48,3.16,2.42,121.42,325.41
Vapi-Rajkot,Vapi,Rajkot,306.98,Urban,Medium,Storm,17175.48,3.12,2.39,128.55,344.52
Vapi-Rajkot,Vapi,Rajkot,345.43,Mixed,Medium,Summer,5543.77,3.4,2.91,118.81,318.42
Vapi-Bhavnagar,Vapi,Bhavnagar,180.13,Urban,Low,Summer,5666.51,3.09,2.94,61.28,164.22
Vapi-Bhavnagar,Vapi,Bhavnagar,180.93,Mixed,High,Foggy,10127.71,2.52,1.61,112.43,301.32
Vapi-Bhavnagar,Vapi,Bhavnagar,163.26,Urban,Medium,Rainy,5306.02,4.01,3.07,53.22,142.63
Vapi-Gandhinagar,Vapi,Gandhinagar,305.61,Mixed,Medium,Clear,14632.82,2.77,2.49,122.61,328.6
Vapi-Gandhinagar,Vapi,Gandhinagar,295.73,Mixed,High,Foggy,11035.72,4.31,2.75,107.67,288.56
Vapi-Gandhinagar,Vapi,Gandhinagar,351.23,Urban,High,Foggy,3498.51,3.31,2.11,166.39,445.93
Vapi-Gandhinagar,Vapi,Gandhinagar,334.37,Highway,Low,Rainy,15613.22,3.5,2.97,112.48,301.45
Vapi-Junagadh,Vapi,Junagadh,285.3,Highway,Medium,Summer,4805.25,3.14,2.69,106.18,284.57
Vapi-Junagadh,Vapi,Junagadh,310.43,Mixed,High,Foggy,5466.43,4.29,2.73,113.6,304.46
Vapi-Junagadh,Vapi,Junagadh,291.73,Mixed,Medium,Summer,9401.92,4.46,3.81,76.56,205.17
Vapi-Junagadh,Vapi,Junagadh,262.82,Mixed,Low,Rainy,4507.93,3.05,2.59,101.29,271.46
Vapi-Kutch,Vapi,Kutch,509.54,Mixed,High,Clear,4420.35,2.88,2.16,236.14,632.86
Vapi-Kutch,Vapi,Kutch,455.82,Mixed,Low,Storm,12800.1,3.32,2.82,161.41,432.57
Vapi-Kutch,Vapi,Kutch,497.23,Mixed,Medium,Summer,3787.31,2.9,2.48,200.56,537.49
Vapi-Kutch,Vapi,Kutch,472.04,Mixed,High,Storm,18385.08,4.09,2.61,181.18,485.56
Vapi-Anand,Vapi,Anand,258.42,Mixed,High,Summer,12757.78,3.7,2.64,98.03,262.72
Vapi-Anand,Vapi,Anand,225.05,Urban,Low,Clear,4480.77,3.85,3.85,58.49,156.76
Vapi-Anand,Vapi,Anand,274.87,Mixed,Medium,Rainy,9370.59,3.01,2.31,119.24,319.56
Vapi-Navsari,Vapi,Navsari,64.15,Highway,High,Summer,2606.01,4.03,2.87,22.32,59.81
Vapi-Navsari,Vapi,Navsari,72.44,Highway,Medium,Clear,15714.22,3.19,2.87,25.24,67.65
Vapi-Navsari,Vapi,Navsari,66.1,Mixed,Medium,Summer,9498.82,2.6,2.22,29.73,79.67
Vapi-Navsari,Vapi,Navsari,69.08,Highway,Medium,Foggy,2121.21,3.33,2.55,27.14,72.73
Vapi-Navsari,Vapi,Navsari,59.97,Mixed,High,Summer,12986.8,3.97,2.83,21.18,56.77
Vapi-Nadiad,Vapi,Nadiad,244.58,Highway,Low,Summer,3406.97,4.05,3.85,63.55,170.32
Vapi-Nadiad,Vapi,Nadiad,260.27,Highway,High,Rainy,11037.45,3.07,1.96,133.01,356.46
Vapi-Nadiad,Vapi,Nadiad,237.84,Urban,Medium,Summer,2695.59,3.65,3.12,76.19,204.2
Vapi-Nadiad,Vapi,Nadiad,271.89,Urban,Low,Clear,15509.28,3.19,3.19,85.34,228.71
Vapi-Nadiad,Vapi,Nadiad,250.04,Highway,Medium,Foggy,15553.5,4.07,3.11,80.29,215.17
Vapi-Patan,Vapi,Patan,446.29,Highway,Low,Summer,2288.58,3.16,3.0,148.88,399.0
Vapi-Patan,Vapi,Patan,423.8,Mixed,High,Summer,12445.09,2.72,1.94,218.5,585.57
Vapi-Patan,Vapi,Patan,362.39,Urban,Medium,Rainy,14320.64,3.02,2.31,156.81,420.24
Vapi-Patan,Vapi,Patan,410.99,Urban,Medium,Foggy,19627.81,3.38,2.59,158.97,426.03
Vapi-Morbi,Vapi,Morbi,329.29,Urban,Medium,Summer,9034.04,3.42,2.92,112.71,302.06
Vapi-Morbi,Vapi,Morbi,317.81,Mixed,High,Clear,17412.48,3.07,2.3,138.08,370.06
Vapi-Morbi,Vapi,Morbi,367.33,Urban,Medium,Storm,10151.22,3.04,2.32,158.04,423.56
Vapi-Bharuch,Vapi,Bharuch,153.19,Urban,High,Storm,8462.18,2.92,1.86,82.17,220.2
Vapi-Bharuch,Vapi,Bharuch,145.7,Mixed,Medium,Rainy,12822.05,3.58,2.74,53.23,142.65
Vapi-Bharuch,Vapi,Bharuch,141.21,Urban,High,Foggy,14853.29,2.66,1.69,83.4,223.5
Vapi-Bharuch,Vapi,Bharuch,142.09,Highway,Medium,Rainy,4126.22,2.8,2.15,66.24,177.52
Rajkot-Ahmedabad,Rajkot,Ahmedabad,197.96,Urban,Medium,Clear,2798.71,3.85,3.46,57.18,153.23
Rajkot-Ahmedabad,Rajkot,Ahmedabad,215.45,Urban,High,Clear,10898.59,3.72,2.79,77.18,206.84
Rajkot-Ahmedabad,Rajkot,Ahmedabad,194.93,Urban,Low,Clear,3617.98,2.6,2.6,75.01,201.03
Rajkot-Ahmedabad,Rajkot,Ahmedabad,213.06,Urban,High,Rainy,2591.26,4.05,2.58,82.43,220.9
Rajkot-Ahmedabad,Rajkot,Ahmedabad,194.48,Mixed,High,Storm,13481.88,3.94,2.51,77.5,207.71
Rajkot-Surat,Rajkot,Surat,226.61,Highway,Medium,Clear,9311.31,3.28,2.95,76.84,205.93
Rajkot-Surat,Rajkot,Surat,226.64,Highway,Medium,Clear,6635.82,3.38,3.04,74.6,199.94
Rajkot-Surat,Rajkot,Surat,233.87,Highway,High,Clear,6465.36,4.1,3.08,76.01,203.71
Rajkot-Surat,Rajkot,Surat,232.2,Mixed,Medium,Clear,3086.09,4.44,3.99,58.17,155.89
Rajkot-Vadodara,Rajkot,Vadodara,248.79,Urban,Medium,Rainy,12420.99,4.09,3.13,79.58,213.28
Rajkot-Vadodara,Rajkot,Vadodara,273.66,Urban,High,Rainy,4534.44,3.87,2.47,110.86,297.11
Rajkot-Vadodara,Rajkot,Vadodara,257.17,Highway,Low,Clear,2507.55,3.81,3.81,67.41,180.66
Rajkot-Vapi,Rajkot,Vapi,345.43,Urban,Medium,Rainy,10149.7,3.92,3.0,115.13,308.54
Rajkot-Vapi,Rajkot,Vapi,342.5,Mixed,Low,Summer,10037.93,2.67,2.54,134.96,361.7
Rajkot-Vapi,Rajkot,Vapi,295.74,Urban,Medium,Storm,8997.88,3.3,2.52,117.19,314.08
Rajkot-Vapi,Rajkot,Vapi,275.69,Urban,Medium,Storm,16767.89,2.92,2.23,123.42,330.77
Rajkot-Vapi,Rajkot,Vapi,290.42,Mixed,High,Summer,8073.68,4.38,3.12,93.06,249.41
Rajkot-Bhavnagar,Rajkot,Bhavnagar,163.69,Mixed,Medium,Clear,16645.36,3.01,2.71,60.4,161.88
Rajkot-Bhavnagar,Rajkot,Bhavnagar,152.01,Highway,High,Clear,5624.66,2.82,2.11,71.97,192.88
Rajkot-Bhavnagar,Rajkot,Bhavnagar,138.65,Highway,Low,Clear,17230.23,3.22,3.22,43.01,115.27
Rajkot-Gandhinagar,Rajkot,Gandhinagar,234.22,Mixed,High,Rainy,11525.63,4.44,2.83,82.8,221.91
Rajkot-Gandhinagar,Rajkot,Gandhinagar,216.95,Mixed,Medium,Clear,17819.57,3.96,3.57,60.81,162.97
Rajkot-Gandhinagar,Rajkot,Gandhinagar,227.9,Urban,Medium,Summer,10274.1,3.57,3.05,74.69,200.16
Rajkot-Gandhinagar,Rajkot,Gandhinagar,238.68,Highway,Medium,Summer,10660.79,2.52,2.16,110.68,296.63
Rajkot-Junagadh,Rajkot,Junagadh,97.19,Urban,High,Storm,9337.74,3.46,2.21,44.0,117.92
Rajkot-Junagadh,Rajkot,Junagadh,95.26,Mixed,Medium,Clear,15267.42,2.75,2.48,38.47,103.09
Rajkot-Junagadh,Rajkot,Junagadh,100.36,Mixed,Medium,Clear,12259.59,3.21,2.89,34.78,93.2
Rajkot-Junagadh,Rajkot,Junagadh,96.35,Mixed,High,Clear,7087.8,3.57,2.68,36.01,96.5
Rajkot-Kutch,Rajkot,Kutch,148.1,Highway,Medium,Rainy,7461.11,2.56,1.96,75.72,202.92
Rajkot-Kutch,Rajkot,Kutch,174.28,Highway,Medium,Clear,2834.15,2.71,2.44,71.52,191.67
Rajkot-Kutch,Rajkot,Kutch,169.71,Highway,Medium,Rainy,8247.53,3.79,2.9,58.48,156.73
Rajkot-Kutch,Rajkot,Kutch,147.49,Urban,Medium,Rainy,17957.56,4.11,3.14,46.92,125.73
Rajkot-Kutch,Rajkot,Kutch,187.18,Mixed,Medium,Rainy,19251.85,2.63,2.01,93.0,249.23
Rajkot-Anand,Rajkot,Anand,239.12,Mixed,Medium,Rainy,16122.8,2.63,2.01,118.96,318.81
Rajkot-Anand,Rajkot,Anand,254.51,Mixed,High,Foggy,4097.58,4.38,2.79,91.21,244.44
Rajkot-Anand,Rajkot,Anand,205.2,Urban,Low,Clear,4253.38,4.08,4.08,50.26,134.69
Rajkot-Navsari,Rajkot,Navsari,250.81,Highway,Medium,Summer,13637.63,2.89,2.47,101.52,272.09
Rajkot-Navsari,Rajkot,Navsari,283.6,Mixed,High,Clear,2336.95,4.25,3.19,88.9,238.26
Rajkot-Navsari,Rajkot,Navsari,302.08,Highway,Medium,Storm,8762.65,2.6,1.99,151.63,406.36
Rajkot-Nadiad,Rajkot,Nadiad,239.7,Urban,Low,Clear,17887.83,2.52,2.52,95.23,255.21
Rajkot-Nadiad,Rajkot,Nadiad,203.85,Mixed,High,Summer,19917.84,3.49,2.48,82.09,220.0
Rajkot-Nadiad,Rajkot,Nadiad,231.96,Urban,Medium,Clear,6703.88,4.34,3.91,59.34,159.03
Rajkot-Nadiad,Rajkot,Nadiad,209.93,Highway,Medium,Foggy,9244.5,4.43,3.39,61.89,165.88
Rajkot-Patan,Rajkot,Patan,199.09,Urban,Medium,Clear,5921.78,4.17,3.75,53.1,142.31
Rajkot-Patan,Rajkot,Patan,184.97,Mixed,Medium,Clear,4350.61,2.92,2.63,70.42,188.71
Rajkot-Patan,Rajkot,Patan,167.43,Urban,Medium,Summer,7692.61,3.35,2.87,58.44,156.61
Rajkot-Patan,Rajkot,Patan,183.01,Urban,Medium,Storm,11061.56,4.12,3.15,58.04,155.54
Rajkot-Morbi,Rajkot,Morbi,61.72,Urban,Low,Summer,8545.76,2.81,2.67,23.12,61.95
Rajkot-Morbi,Rajkot,Morbi,62.13,Urban,Medium,Foggy,13826.6,3.34,2.56,24.3,65.11
Rajkot-Morbi,Rajkot,Morbi,58.62,Mixed,Medium,Clear,16310.41,3.73,3.36,17.46,46.8
Rajkot-Morbi,Rajkot,Morbi,56.56,Highway,Medium,Summer,14640.22,4.08,3.49,16.21,43.43
Rajkot-Bharuch,Rajkot,Bharuch,243.69,Mixed,Low,Clear,17260.02,2.71,2.71,89.76,240.56
Rajkot-Bharuch,Rajkot,Bharuch,249.88,Mixed,Low,Storm,10448.55,3.43,2.92,85.6,229.42
Rajkot-Bharuch,Rajkot,Bharuch,271.06,Urban,High,Foggy,16255.09,3.02,1.92,140.86,377.51
Rajkot-Bharuch,Rajkot,Bharuch,256.38,Urban,Medium,Rainy,7254.51,3.67,2.81,91.34,244.8
Bhavnagar-Ahmedabad,Bhavnagar,Ahmedabad,136.46,Urban,Medium,Clear,7249.58,3.61,3.25,42.02,112.6
Bhavnagar-Ahmedabad,Bhavnagar,Ahmedabad,154.41,Highway,High,Rainy,18838.95,2.67,1.7,90.64,242.93
Bhavnagar-Ahmedabad,Bhavnagar,Ahmedabad,140.53,Mixed,Medium,Clear,13704.7,3.63,3.27,42.97,115.16
Bhavnagar-Ahmedabad,Bhavnagar,Ahmedabad,144.66,Highway,Low,Clear,9355.53,3.64,3.64,39.7,106.4
Bhavnagar-Ahmedabad,Bhavnagar,Ahmedabad,166.41,Mixed,Low,Clear,14136.99,4.44,4.44,37.5,100.5
Bhavnagar-Surat,Bhavnagar,Surat,105.51,Mixed,Medium,Summer,14829.02,4.46,3.81,27.68,74.19
Bhavnagar-Surat,Bhavnagar,Surat,85.39,Mixed,Medium,Clear,4163.94,4.15,3.74,22.84,61.2
Bhavnagar-Surat,Bhavnagar,Surat,91.56,Highway,Medium,Storm,9091.82,3.07,2.35,39.0,104.52
Bhavnagar-Surat,Bhavnagar,Surat,106.7,Urban,High,Clear,15054.87,4.15,3.11,34.28,91.87
Bhavnagar-Vadodara,Bhavnagar,Vadodara,138.9,Highway,Medium,Clear,12002.92,4.31,3.87,35.85,96.07
Bhavnagar-Vadodara,Bhavnagar,Vadodara,113.0,Mixed,Medium,Summer,5200.5,4.42,3.78,29.93,80.22
Bhavnagar-Vadodara,Bhavnagar,Vadodara,141.19,Urban,Medium,Summer,13573.24,3.37,2.88,49.0,131.31
Bhavnagar-Vadodara,Bhavnagar,Vadodara,140.68,Highway,Medium,Summer,4200.39,2.73,2.33,60.27,161.54
Bhavnagar-Vadodara,Bhavnagar,Vadodara,140.58,Highway,Low,Storm,13518.17,4.28,3.64,38.62,103.5
Bhavnagar-Vapi,Bhavnagar,Vapi,157.3,Mixed,Medium,Clear,19845.55,3.49,3.14,50.04,134.12
Bhavnagar-Vapi,Bhavnagar,Vapi,195.24,Urban,Medium,Clear,7972.4,2.61,2.34,83.27,223.15
Bhavnagar-Vapi,Bhavnagar,Vapi,187.2,Highway,High,Foggy,11361.95,2.53,1.61,116.18,311.37
Bhavnagar-Vapi,Bhavnagar,Vapi,193.06,Highway,Medium,Rainy,17318.58,3.36,2.57,75.04,201.1
Bhavnagar-Rajkot,Bhavnagar,Rajkot,160.98,Mixed,Low,Clear,12363.65,4.2,4.2,38.31,102.68
Bhavnagar-Rajkot,Bhavnagar,Rajkot,149.64,Urban,Medium,Rainy,8178.05,4.15,3.18,47.12,126.28
Bhavnagar-Rajkot,Bhavnagar,Rajkot,158.07,Mixed,Medium,Clear,3600.45,3.63,3.26,48.42,129.76
Bhavnagar-Rajkot,Bhavnagar,Rajkot,160.71,Highway,Low,Summer,14747.41,4.35,4.14,38.85,104.11
Bhavnagar-Gandhinagar,Bhavnagar,Gandhinagar,172.26,Mixed,Medium,Clear,16916.74,2.91,2.62,65.86,176.51
Bhavnagar-Gandhinagar,Bhavnagar,Gandhinagar,179.04,Highway,Low,Clear,19119.47,3.94,3.94,45.5,121.93
Bhavnagar-Gandhinagar,Bhavnagar,Gandhinagar,161.75,Mixed,Low,Storm,12787.82,2.72,2.32,69.84,187.17
Bhavnagar-Junagadh,Bhavnagar,Junagadh,201.62,Highway,High,Clear,13765.08,3.06,2.3,87.78,235.24
Bhavnagar-Junagadh,Bhavnagar,Junagadh,159.5,Highway,High,Rainy,19932.61,3.81,2.43,65.62,175.86
Bhavnagar-Junagadh,Bhavnagar,Junagadh,181.13,Highway,Low,Foggy,5908.3,4.21,3.57,50.67,135.79
Bhavnagar-Junagadh,Bhavnagar,Junagadh,191.43,Mixed,Medium,Summer,7790.4,2.73,2.33,82.06,219.92
Bhavnagar-Junagadh,Bhavnagar,Junagadh,163.7,Mixed,High,Rainy,16130.66,3.94,2.51,65.14,174.59
Bhavnagar-Kutch,Bhavnagar,Kutch,283.0,Mixed,Medium,Clear,9745.26,4.18,3.76,75.19,201.51
Bhavnagar-Kutch,Bhavnagar,Kutch,269.24,Highway,High,Clear,6194.37,3.54,2.66,101.34,271.6
Bhavnagar-Kutch,Bhavnagar,Kutch,285.59,Highway,Medium,Clear,13749.88,3.1,2.79,102.34,274.27
Bhavnagar-Kutch,Bhavnagar,Kutch,271.93,Urban,Medium,Summer,13608.13,4.24,3.63,75.0,200.99
Bhavnagar-Anand,Bhavnagar,Anand,111.1,Highway,Low,Summer,17182.28,3.59,3.41,32.61,87.39
Bhavnagar-Anand,Bhavnagar,Anand,129.2,Mixed,Medium,Clear,6886.77,3.26,2.93,44.06,118.09
Bhavnagar-Anand,Bhavnagar,Anand,111.0,Highway,Medium,Clear,16824.26,3.58,3.22,34.47,92.38
Bhavnagar-Anand,Bhavnagar,Anand,130.44,Highway,Medium,Clear,17187.15,3.42,3.08,42.32,113.41
Bhavnagar-Anand,Bhavnagar,Anand,124.21,Mixed,Medium,Storm,16338.02,4.1,3.14,39.56,106.01
Bhavnagar-Navsari,Bhavnagar,Navsari,122.68,Highway,Medium,Clear,6243.85,3.41,3.07,39.97,107.12
Bhavnagar-Navsari,Bhavnagar,Navsari,126.54,Mixed,Medium,Clear,6990.97,4.34,3.9,32.43,86.92
Bhavnagar-Navsari,Bhavnagar,Navsari,136.94,Urban,Low,Clear,11348.96,4.21,4.21,32.55,87.24
Bhavnagar-Nadiad,Bhavnagar,Nadiad,129.65,Urban,High,Clear,16598.42,4.46,3.34,38.8,103.97
Bhavnagar-Nadiad,Bhavnagar,Nadiad,142.71,Mixed,High,Rainy,9412.95,3.63,2.31,61.69,165.34
Bhavnagar-Nadiad,Bhavnagar,Nadiad,122.37,Highway,High,Foggy,18834.01,2.87,1.83,66.93,179.36
Bhavnagar-Nadiad,Bhavnagar,Nadiad,138.29,Urban,Medium,Summer,16640.65,2.78,2.38,58.14,155.82
Bhavnagar-Patan,Bhavnagar,Patan,231.79,Mixed,Low,Rainy,3400.17,2.6,2.21,104.77,280.79
Bhavnagar-Patan,Bhavnagar,Patan,213.78,Mixed,Medium,Foggy,6384.49,3.14,2.4,89.12,238.83
Bhavnagar-Patan,Bhavnagar,Patan,234.25,Mixed,High,Clear,17473.57,4.24,3.18,73.61,197.26
Bhavnagar-Patan,Bhavnagar,Patan,257.24,Highway,Medium,Clear,17106.69,4.45,4.0,64.3,172.32
Bhavnagar-Morbi,Bhavnagar,Morbi,177.8,Urban,High,Clear,11436.95,4.16,3.12,57.02,152.81
Bhavnagar-Morbi,Bhavnagar,Morbi,179.74,Urban,Low,Summer,16835.48,3.36,3.19,56.36,151.05
Bhavnagar-Morbi,Bhavnagar,Morbi,181.56,Urban,Medium,Clear,6182.84,4.46,4.01,45.23,121.22
Bhavnagar-Bharuch,Bhavnagar,Bharuch,87.67,Mixed,Medium,Clear,11631.19,2.77,2.49,35.21,94.37
Bhavnagar-Bharuch,Bhavnagar,Bharuch,99.82,Urban,High,Storm,9097.13,3.96,2.52,39.57,106.05
Bhavnagar-Bharuch,Bhavnagar,Bharuch,99.8,Mixed,Low,Clear,10531.89,3.65,3.65,27.34,73.28
Bhavnagar-Bharuch,Bhavnagar,Bharuch,94.26,Mixed,Medium,Rainy,16905.9,3.98,3.04,30.99,83.04
Gandhinagar-Ahmedabad,Gandhinagar,Ahmedabad,24.09,Highway,High,Summer,12390.88,3.58,2.55,9.45,25.33
Gandhinagar-Ahmedabad,Gandhinagar,Ahmedabad,26.05,Urban,Medium,Storm,10932.34,2.76,2.11,12.33,33.05
Gandhinagar-Ahmedabad,Gandhinagar,Ahmedabad,25.9,Highway,Medium,Summer,10518.17,3.42,2.93,8.85,23.72
Gandhinagar-Ahmedabad,Gandhinagar,Ahmedabad,22.87,Urban,Medium,Foggy,9105.12,3.11,2.38,9.6,25.73
Gandhinagar-Ahmedabad,Gandhinagar,Ahmedabad,26.42,Highway,High,Summer,9871.32,3.49,2.49,10.61,28.44
Gandhinagar-Surat,Gandhinagar,Surat,211.35,Urban,Medium,Storm,7426.48,2.96,2.26,93.33,250.14
Gandhinagar-Surat,Gandhinagar,Surat,248.89,Mixed,Medium,Storm,15514.67,3.27,2.5,99.39,266.35
Gandhinagar-Surat,Gandhinagar,Surat,252.09,Highway,High,Rainy,4559.46,3.85,2.46,102.67,275.15
Gandhinagar-Surat,Gandhinagar,Surat,214.66,Urban,Medium,Clear,8804.58,2.8,2.52,85.33,228.69
Gandhinagar-Surat,Gandhinagar,Surat,240.5,Urban,Medium,Rainy,10542.8,2.63,2.01,119.68,320.76
Gandhinagar-Vadodara,Gandhinagar,Vadodara,105.41,Mixed,Medium,Clear,5198.25,3.15,2.84,37.17,99.63
Gandhinagar-Vadodara,Gandhinagar,Vadodara,133.0,Highway,Medium,Foggy,19614.48,3.76,2.88,46.24,123.93
Gandhinagar-Vadodara,Gandhinagar,Vadodara,125.58,Mixed,Low,Clear,4593.18,3.66,3.66,34.32,91.97
Gandhinagar-Vadodara,Gandhinagar,Vadodara,129.99,Highway,Medium,Storm,19602.03,3.8,2.91,44.69,119.76
Gandhinagar-Vadodara,Gandhinagar,Vadodara,131.42,Mixed,Medium,Summer,19278.94,3.13,2.67,49.17,131.77
Gandhinagar-Vapi,Gandhinagar,Vapi,338.27,Urban,High,Rainy,2160.54,2.83,1.8,187.5,502.5
Gandhinagar-Vapi,Gandhinagar,Vapi,300.12,Highway,Low,Rainy,12068.81,3.36,2.86,104.99,281.38
Gandhinagar-Vapi,Gandhinagar,Vapi,296.51,Urban,Medium,Clear,3946.53,4.39,3.95,75.06,201.16
Gandhinagar-Vapi,Gandhinagar,Vapi,362.08,Urban,Medium,Clear,18986.13,2.64,2.37,152.65,409.11
Gandhinagar-Vapi,Gandhinagar,Vapi,305.02,Urban,Medium,Clear,16786.17,3.57,3.21,94.88,254.27
Gandhinagar-Rajkot,Gandhinagar,Rajkot,209.75,Urban,Medium,Summer,18499.93,3.78,3.23,64.96,174.08
Gandhinagar-Rajkot,Gandhinagar,Rajkot,203.25,Urban,Medium,Summer,17498.41,3.46,2.96,68.71,184.14
Gandhinagar-Rajkot,Gandhinagar,Rajkot,231.42,Mixed,High,Clear,10722.16,4.1,3.07,75.32,201.86
Gandhinagar-Rajkot,Gandhinagar,Rajkot,210.02,Urban,Low,Clear,14940.02,2.82,2.82,74.43,199.47
Gandhinagar-Rajkot,Gandhinagar,Rajkot,223.9,Mixed,Medium,Clear,16490.56,3.52,3.17,70.66,189.36
Gandhinagar-Bhavnagar,Gandhinagar,Bhavnagar,164.44,Urban,High,Clear,19840.37,3.71,2.78,59.17,158.58
Gandhinagar-Bhavnagar,Gandhinagar,Bhavnagar,185.65,Mixed,Medium,Rainy,16359.72,3.25,2.49,74.57,199.84
Gandhinagar-Bhavnagar,Gandhinagar,Bhavnagar,156.33,Highway,High,Clear,17440.74,2.73,2.05,76.33,204.56
Gandhinagar-Junagadh,Gandhinagar,Junagadh,273.03,Mixed,Medium,Storm,11107.25,3.53,2.7,101.23,271.29
Gandhinagar-Junagadh,Gandhinagar,Junagadh,308.55,Mixed,High,Clear,15769.92,4.23,3.17,97.26,260.64
Gandhinagar-Junagadh,Gandhinagar,Junagadh,275.62,Highway,Low,Rainy,19467.78,3.47,2.95,93.45,250.44
Gandhinagar-Junagadh,Gandhinagar,Junagadh,313.43,Mixed,Medium,Summer,3613.2,3.08,2.63,119.02,318.97
Gandhinagar-Kutch,Gandhinagar,Kutch,250.56,Highway,Medium,Clear,5160.02,2.5,2.25,111.22,298.08
Gandhinagar-Kutch,Gandhinagar,Kutch,267.47,Urban,Medium,Foggy,17442.83,2.88,2.2,121.44,325.45
Gandhinagar-Kutch,Gandhinagar,Kutch,257.94,Highway,Medium,Clear,15433.26,3.55,3.2,80.65,216.14
Gandhinagar-Anand,Gandhinagar,Anand,90.57,Highway,Low,Clear,2000.12,3.3,3.3,27.45,73.58
Gandhinagar-Anand,Gandhinagar,Anand,82.17,Mixed,Low,Clear,4506.41,2.51,2.51,32.73,87.73
Gandhinagar-Anand,Gandhinagar,Anand,88.81,Urban,High,Storm,17645.47,3.65,2.33,38.2,102.36
Gandhinagar-Anand,Gandhinagar,Anand,85.81,Mixed,Low,Foggy,16950.49,4.09,3.47,24.71,66.23
Gandhinagar-Navsari,Gandhinagar,Navsari,258.3,Mixed,Medium,Summer,12087.47,3.76,3.22,80.3,215.21
Gandhinagar-Navsari,Gandhinagar,Navsari,268.28,Highway,Low,Rainy,8937.25,2.84,2.41,111.25,298.15
Gandhinagar-Navsari,Gandhinagar,Navsari,275.86,Highway,Low,Rainy,5686.31,3.8,3.23,85.34,228.7
Gandhinagar-Navsari,Gandhinagar,Navsari,257.57,Urban,High,Foggy,7221.15,3.7,2.36,109.08,292.33
Gandhinagar-Nadiad,Gandhinagar,Nadiad,67.85,Highway,Medium,Summer,11095.04,2.57,2.19,30.92,82.87
Gandhinagar-Nadiad,Gandhinagar,Nadiad,57.26,Mixed,Medium,Summer,7908.39,4.07,3.48,16.45,44.08
Gandhinagar-Nadiad,Gandhinagar,Nadiad,70.47,Mixed,Medium,Rainy,17755.56,2.65,2.03,34.77,93.19
Gandhinagar-Patan,Gandhinagar,Patan,105.44,Highway,High,Summer,18946.75,3.34,2.38,44.33,118.82
Gandhinagar-Patan,Gandhinagar,Patan,123.39,Urban,High,Foggy,2744.0,3.9,2.48,49.66,133.1
Gandhinagar-Patan,Gandhinagar,Patan,122.13,Urban,Low,Rainy,4830.19,3.27,2.78,43.95,117.78
Gandhinagar-Patan,Gandhinagar,Patan,112.86,Mixed,Medium,Summer,19559.11,4.24,3.63,31.12,83.41
Gandhinagar-Patan,Gandhinagar,Patan,115.31,Mixed,Medium,Foggy,6287.77,2.99,2.29,50.39,135.05
Gandhinagar-Morbi,Gandhinagar,Morbi,178.4,Mixed,Medium,Clear,6850.42,3.86,3.48,51.33,137.58
Gandhinagar-Morbi,Gandhinagar,Morbi,182.43,Urban,High,Clear,6308.23,2.82,2.11,86.35,231.42
Gandhinagar-Morbi,Gandhinagar,Morbi,188.28,Highway,Low,Storm,9648.03,3.69,3.14,59.96,160.71
Gandhinagar-Morbi,Gandhinagar,Morbi,204.12,Mixed,Low,Storm,10617.48,4.45,3.78,53.94,144.55
Gandhinagar-Bharuch,Gandhinagar,Bharuch,196.26,Mixed,Medium,Summer,17590.05,2.55,2.18,90.18,241.69
Gandhinagar-Bharuch,Gandhinagar,Bharuch,154.79,Mixed,Low,Clear,7240.83,3.71,3.71,41.67,111.67
Gandhinagar-Bharuch,Gandhinagar,Bharuch,172.52,Mixed,Medium,Clear,6813.54,3.61,3.25,53.1,142.3
Gandhinagar-Bharuch,Gandhinagar,Bharuch,194.24,Highway,Medium,Rainy,11834.21,4.44,3.4,57.18,153.23
Junagadh-Ahmedabad,Junagadh,Ahmedabad,265.36,Highway,Medium,Clear,17836.29,4.14,3.73,71.21,190.84
Junagadh-Ahmedabad,Junagadh,Ahmedabad,284.16,Mixed,Medium,Clear,16533.84,2.75,2.48,114.76,307.55
Junagadh-Ahmedabad,Junagadh,Ahmedabad,265.98,Highway,Medium,Summer,7406.68,3.8,3.25,81.96,219.64
Junagadh-Surat,Junagadh,Surat,281.7,Highway,Medium,Clear,9496.05,3.54,3.18,88.5,237.18
Junagadh-Surat,Junagadh,Surat,240.87,Mixed,High,Summer,10205.74,2.74,1.95,123.39,330.69
Junagadh-Surat,Junagadh,Surat,261.43,Urban,Medium,Clear,13197.98,4.39,3.95,66.12,177.21
Junagadh-Vadodara,Junagadh,Vadodara,273.09,Mixed,Medium,Rainy,7551.63,3.01,2.3,118.53,317.66
Junagadh-Vadodara,Junagadh,Vadodara,284.35,Mixed,High,Foggy,17285.31,4.35,2.77,102.55,274.84
Junagadh-Vadodara,Junagadh,Vadodara,286.96,Urban,Medium,Clear,6923.7,3.14,2.82,101.65,272.43
Junagadh-Vadodara,Junagadh,Vadodara,289.49,Highway,Low,Summer,15635.71,3.55,3.37,85.85,230.07
Junagadh-Vadodara,Junagadh,Vadodara,269.11,Mixed,High,Clear,3624.89,2.69,2.02,133.25,357.1
Junagadh-Vapi,Junagadh,Vapi,298.72,Urban,Low,Storm,4120.6,2.99,2.54,117.46,314.79
Junagadh-Vapi,Junagadh,Vapi,274.91,Highway,Medium,Summer,15870.52,3.08,2.64,104.25,279.38
Junagadh-Vapi,Junagadh,Vapi,272.15,Urban,Medium,Foggy,8066.17,4.23,3.24,84.02,225.17
Junagadh-Rajkot,Junagadh,Rajkot,98.96,Mixed,Medium,Storm,19521.37,3.0,2.29,43.12,115.57
Junagadh-Rajkot,Junagadh,Rajkot,93.49,Mixed,High,Rainy,5150.21,2.73,1.74,53.73,143.99
Junagadh-Rajkot,Junagadh,Rajkot,92.53,Highway,Medium,Rainy,10830.66,3.95,3.02,30.6,82.01
Junagadh-Rajkot,Junagadh,Rajkot,99.45,Highway,Medium,Clear,6249.03,2.96,2.66,37.35,100.09
Junagadh-Bhavnagar,Junagadh,Bhavnagar,193.02,Mixed,Low,Summer,13942.76,3.9,3.7,52.11,139.64
Junagadh-Bhavnagar,Junagadh,Bhavnagar,192.68,Urban,Medium,Clear,12551.95,4.4,3.96,48.7,130.52
Junagadh-Bhavnagar,Junagadh,Bhavnagar,196.9,Mixed,Low,Storm,17838.13,3.92,3.33,59.13,158.46
Junagadh-Gandhinagar,Junagadh,Gandhinagar,325.4,Urban,Low,Clear,12621.99,2.87,2.87,113.44,304.03
Junagadh-Gandhinagar,Junagadh,Gandhinagar,286.14,Mixed,Medium,Rainy,13576.1,4.45,3.4,84.08,225.34
Junagadh-Gandhinagar,Junagadh,Gandhinagar,317.74,Mixed,Medium,Summer,2702.1,4.22,3.61,88.09,236.08
Junagadh-Kutch,Junagadh,Kutch,211.16,Mixed,High,Storm,18408.07,3.38,2.16,97.88,262.31
Junagadh-Kutch,Junagadh,Kutch,244.15,Highway,High,Summer,18228.8,3.53,2.52,97.03,260.03
Junagadh-Kutch,Junagadh,Kutch,252.42,Urban,High,Rainy,3612.73,3.05,1.94,129.95,348.27
Junagadh-Anand,Junagadh,Anand,319.83,Urban,High,Summer,18980.82,2.57,1.83,174.33,467.22
Junagadh-Anand,Junagadh,Anand,291.69,Mixed,Medium,Foggy,2388.71,3.17,2.43,120.19,322.1
Junagadh-Anand,Junagadh,Anand,262.28,Highway,Medium,Clear,14340.17,3.39,3.05,85.89,230.17
Junagadh-Anand,Junagadh,Anand,273.74,Mixed,Low,Storm,4667.13,3.98,3.38,81.02,217.13
Junagadh-Navsari,Junagadh,Navsari,282.3,Urban,High,Clear,2320.64,3.99,2.99,94.43,253.06
Junagadh-Navsari,Junagadh,Navsari,255.32,Mixed,High,Clear,2802.72,4.44,3.33,76.67,205.47
Junagadh-Navsari,Junagadh,Navsari,292.88,Highway,High,Summer,9233.27,3.53,2.52,116.39,311.92
Junagadh-Navsari,Junagadh,Navsari,238.38,Mixed,High,Rainy,9558.25,2.51,1.6,149.16,399.75
Junagadh-Navsari,Junagadh,Navsari,290.83,Highway,Medium,Clear,13694.35,3.89,3.5,83.11,222.74
Junagadh-Nadiad,Junagadh,Nadiad,321.45,Mixed,Medium,Summer,4042.46,4.01,3.43,93.83,251.46
Junagadh-Nadiad,Junagadh,Nadiad,293.98,Urban,High,Summer,17526.99,3.53,2.51,116.9,313.29
Junagadh-Nadiad,Junagadh,Nadiad,304.44,Urban,Medium,Clear,13678.94,2.52,2.27,134.09,359.37
Junagadh-Patan,Junagadh,Patan,307.86,Urban,Low,Summer,17164.1,2.58,2.45,125.72,336.92
Junagadh-Patan,Junagadh,Patan,266.17,Highway,Medium,Clear,17674.19,2.72,2.45,108.81,291.6
Junagadh-Patan,Junagadh,Patan,311.69,Mixed,High,Rainy,12749.73,3.12,1.99,156.88,420.45
Junagadh-Patan,Junagadh,Patan,256.3,Urban,Medium,Summer,6674.44,3.98,3.4,75.33,201.89
Junagadh-Morbi,Junagadh,Morbi,141.23,Urban,Medium,Foggy,10526.42,2.77,2.12,66.76,178.9
Junagadh-Morbi,Junagadh,Morbi,169.97,Highway,Medium,Clear,15080.05,4.21,3.79,44.89,120.29
Junagadh-Morbi,Junagadh,Morbi,170.24,Highway,High,Clear,14697.86,3.22,2.41,70.5,188.94
Junagadh-Morbi,Junagadh,Morbi,166.93,Urban,Low,Clear,10948.42,3.53,3.53,47.23,126.57
Junagadh-Bharuch,Junagadh,Bharuch,259.05,Highway,Low,Clear,13805.9,4.22,4.22,61.43,164.63
Junagadh-Bharuch,Junagadh,Bharuch,247.03,Urban,Medium,Clear,7642.22,3.23,2.91,84.98,227.76
Junagadh-Bharuch,Junagadh,Bharuch,282.81,Highway,High,Clear,6620.14,4.16,3.12,90.7,243.07
Junagadh-Bharuch,Junagadh,Bharuch,290.34,Highway,Low,Rainy,11115.52,2.72,2.31,125.48,336.28
Junagadh-Bharuch,Junagadh,Bharuch,273.69,Highway,Medium,Rainy,4572.89,3.58,2.74,99.83,267.56
Kutch-Ahmedabad,Kutch,Ahmedabad,244.96,Urban,High,Clear,4173.94,4.32,3.24,75.57,202.53
Kutch-Ahmedabad,Kutch,Ahmedabad,257.9,Highway,Medium,Rainy,12993.6,2.89,2.21,116.83,313.11
Kutch-Ahmedabad,Kutch,Ahmedabad,282.52,Mixed,Medium,Rainy,13264.55,3.14,2.4,117.53,314.97
Kutch-Ahmedabad,Kutch,Ahmedabad,251.17,Highway,Medium,Rainy,14718.47,4.42,3.38,74.22,198.92
Kutch-Surat,Kutch,Surat,393.26,Mixed,Medium,Rainy,16525.12,4.42,3.38,116.24,311.52
Kutch-Surat,Kutch,Surat,392.45,Urban,Low,Clear,6112.37,4.09,4.09,95.88,256.96
Kutch-Surat,Kutch,Surat,376.87,Urban,Medium,Rainy,11261.58,4.47,3.42,110.16,295.22
Kutch-Surat,Kutch,Surat,360.25,Mixed,Low,Summer,12546.07,2.55,2.43,148.43,397.78
Kutch-Surat,Kutch,Surat,445.66,Mixed,Medium,Clear,19919.15,3.48,3.13,142.48,381.83
Kutch-Vadodara,Kutch,Vadodara,342.04,Mixed,Medium,Summer,5129.25,2.51,2.15,159.1,426.39
Kutch-Vadodara,Kutch,Vadodara,395.56,Highway,Medium,Summer,15385.93,3.44,2.94,134.58,360.68
Kutch-Vadodara,Kutch,Vadodara,405.87,Mixed,High,Rainy,15770.92,3.08,1.96,206.72,554.0
Kutch-Vadodara,Kutch,Vadodara,331.23,Highway,Medium,Clear,9302.54,2.65,2.38,139.03,372.6
Kutch-Vadodara,Kutch,Vadodara,355.15,Highway,Medium,Summer,2516.03,3.08,2.64,134.78,361.21
Kutch-Vapi,Kutch,Vapi,429.36,Highway,High,Clear,15695.07,3.36,2.52,170.42,456.72
Kutch-Vapi,Kutch,Vapi,419.95,Urban,High,Clear,14998.29,2.52,1.89,221.89,594.68
Kutch-Vapi,Kutch,Vapi,442.43,Highway,High,Rainy,6421.77,3.46,2.2,200.71,537.91
Kutch-Rajkot,Kutch,Rajkot,155.41,Mixed,Medium,Summer,3441.51,2.8,2.39,64.97,174.12
Kutch-Rajkot,Kutch,Rajkot,160.47,Highway,High,Clear,17314.1,4.02,3.01,53.26,142.75
Kutch-Rajkot,Kutch,Rajkot,157.97,Urban,Medium,Clear,19444.56,3.62,3.26,48.47,129.91
Kutch-Rajkot,Kutch,Rajkot,164.8,Urban,Medium,Clear,18126.74,3.08,2.78,59.37,159.11
Kutch-Bhavnagar,Kutch,Bhavnagar,322.8,Highway,Low,Summer,9029.09,3.78,3.59,89.89,240.92
Kutch-Bhavnagar,Kutch,Bhavnagar,322.16,Highway,Medium,Clear,10653.18,2.58,2.32,138.67,371.64
Kutch-Bhavnagar,Kutch,Bhavnagar,335.8,Urban,High,Storm,5217.62,3.64,2.32,144.54,387.36
Kutch-Bhavnagar,Kutch,Bhavnagar,270.82,Mixed,Medium,Clear,19948.93,3.35,3.02,89.76,240.56
Kutch-Bhavnagar,Kutch,Bhavnagar,329.73,Mixed,Medium,Summer,17765.71,2.78,2.38,138.48,371.12
Kutch-Gandhinagar,Kutch,Gandhinagar,269.41,Mixed,Low,Summer,4483.72,2.8,2.66,101.39,271.74
Kutch-Gandhinagar,Kutch,Gandhinagar,314.75,Highway,Medium,Storm,16791.75,4.06,3.11,101.25,271.36
Kutch-Gandhinagar,Kutch,Gandhinagar,288.74,Mixed,High,Clear,6731.82,3.97,2.98,96.92,259.75
Kutch-Gandhinagar,Kutch,Gandhinagar,273.73,Highway,Medium,Rainy,16309.09,2.52,1.92,142.27,381.28
Kutch-Junagadh,Kutch,Junagadh,267.97,Mixed,Medium,Clear,18389.81,4.23,3.8,70.43,188.75
Kutch-Junagadh,Kutch,Junagadh,223.62,Urban,High,Summer,5655.92,3.32,2.37,94.53,253.34
Kutch-Junagadh,Kutch,Junagadh,246.78,Urban,High,Clear,16341.44,3.47,2.6,94.89,254.31
Kutch-Junagadh,Kutch,Junagadh,253.52,Mixed,High,Clear,8866.12,2.52,1.89,134.22,359.7
Kutch-Junagadh,Kutch,Junagadh,263.35,Urban,Medium,Clear,6428.82,3.27,2.94,89.51,239.89
Kutch-Anand,Kutch,Anand,303.51,Highway,Low,Clear,14586.69,2.76,2.76,109.83,294.34
Kutch-Anand,Kutch,Anand,346.31,Highway,High,Clear,6788.11,2.99,2.24,154.39,413.77
Kutch-Anand,Kutch,Anand,323.16,Urban,Low,Rainy,17999.56,4.42,3.75,86.08,230.7
Kutch-Anand,Kutch,Anand,293.63,Urban,Medium,Rainy,4284.43,2.63,2.01,146.21,391.84
Kutch-Navsari,Kutch,Navsari,426.77,Urban,High,Rainy,12436.12,4.28,2.73,156.55,419.56
Kutch-Navsari,Kutch,Navsari,392.16,Highway,Medium,Rainy,6507.27,3.24,2.48,158.3,424.23
Kutch-Navsari,Kutch,Navsari,382.06,Highway,Medium,Summer,17148.9,3.51,3.0,127.45,341.56
Kutch-Navsari,Kutch,Navsari,401.92,Urban,High,Summer,11871.1,4.22,3.01,133.52,357.84
Kutch-Navsari,Kutch,Navsari,479.53,Highway,Medium,Clear,19923.47,2.71,2.44,196.86,527.6
Kutch-Nadiad,Kutch,Nadiad,328.7,Mixed,Medium,Clear,4631.33,2.74,2.46,133.44,357.62
Kutch-Nadiad,Kutch,Nadiad,319.73,Highway,High,Summer,8267.36,2.98,2.12,150.74,404.0
Kutch-Nadiad,Kutch,Nadiad,340.4,Highway,Low,Rainy,16889.86,3.86,3.28,103.84,278.3
Kutch-Nadiad,Kutch,Nadiad,303.36,Urban,Medium,Foggy,13028.39,4.18,3.2,94.79,254.02
Kutch-Nadiad,Kutch,Nadiad,350.34,Mixed,High,Clear,2865.95,2.86,2.14,163.36,437.81
Kutch-Patan,Kutch,Patan,195.22,Urban,High,Foggy,7417.39,3.09,1.97,99.07,265.5
Kutch-Patan,Kutch,Patan,178.23,Highway,High,Foggy,8506.05,2.78,1.77,100.58,269.57
Kutch-Patan,Kutch,Patan,168.91,Mixed,Low,Rainy,12073.74,3.15,2.68,63.0,168.83
Kutch-Morbi,Kutch,Morbi,118.77,Urban,Medium,Rainy,12074.63,2.8,2.14,55.54,148.84
Kutch-Morbi,Kutch,Morbi,125.62,Mixed,Medium,Storm,2901.06,3.58,2.74,45.81,122.78
Kutch-Morbi,Kutch,Morbi,140.29,Urban,High,Clear,9360.88,3.45,2.58,54.28,145.47
Kutch-Morbi,Kutch,Morbi,124.71,Mixed,Medium,Foggy,3769.73,3.8,2.91,42.88,114.92
Kutch-Morbi,Kutch,Morbi,138.03,Highway,High,Clear,17785.57,3.58,2.68,51.45,137.89
Kutch-Bharuch,Kutch,Bharuch,388.35,Urban,Medium,Summer,19056.12,4.27,3.65,106.48,285.36
Kutch-Bharuch,Kutch,Bharuch,353.47,Urban,Low,Summer,6782.09,2.65,2.51,140.59,376.79
Kutch-Bharuch,Kutch,Bharuch,357.85,Urban,High,Clear,5877.74,3.6,2.7,132.39,354.8
Kutch-Bharuch,Kutch,Bharuch,359.65,Highway,Low,Summer,2138.75,4.28,4.07,88.39,236.89
Anand-Ahmedabad,Anand,Ahmedabad,71.6,Highway,Medium,Clear,4946.32,2.8,2.52,28.42,76.17
Anand-Ahmedabad,Anand,Ahmedabad,69.02,Urban,Low,Clear,9927.43,3.06,3.06,22.56,60.45
Anand-Ahmedabad,Anand,Ahmedabad,65.04,Mixed,Low,Storm,16128.24,3.5,2.98,21.86,58.58
Anand-Ahmedabad,Anand,Ahmedabad,58.75,Mixed,Medium,Summer,18908.4,2.77,2.37,24.77,66.38
Anand-Ahmedabad,Anand,Ahmedabad,71.53,Mixed,Medium,Rainy,11600.48,3.48,2.66,26.89,72.05
Anand-Surat,Anand,Surat,170.04,Highway,Medium,Clear,7916.69,2.63,2.36,71.97,192.89
Anand-Surat,Anand,Surat,163.31,Highway,High,Summer,12775.46,4.09,2.91,56.04,150.2
Anand-Surat,Anand,Surat,162.34,Highway,Low,Summer,9323.69,3.22,3.06,53.0,142.05
Anand-Surat,Anand,Surat,149.56,Urban,High,Foggy,17510.27,3.45,2.2,68.07,182.44
Anand-Surat,Anand,Surat,168.58,Urban,Medium,Rainy,8985.35,2.69,2.06,81.88,219.45
Anand-Vadodara,Anand,Vadodara,33.86,Mixed,Low,Summer,11216.79,3.31,3.14,10.78,28.89
Anand-Vadodara,Anand,Vadodara,42.6,Mixed,Low,Clear,10423.43,4.41,4.41,9.65,25.87
Anand-Vadodara,Anand,Vadodara,40.99,Highway,Medium,Clear,6900.88,4.26,3.84,10.68,28.63
Anand-Vadodara,Anand,Vadodara,43.0,Highway,Medium,Summer,10086.39,2.7,2.31,18.64,49.96
Anand-Vapi,Anand,Vapi,242.77,Mixed,High,Clear,17414.99,2.75,2.06,117.58,315.1
Anand-Vapi,Anand,Vapi,224.39,Urban,Medium,Clear,13375.4,4.33,3.9,57.6,154.36
Anand-Vapi,Anand,Vapi,218.41,Mixed,Low,Foggy,6033.45,3.72,3.16,69.11,185.23
Anand-Vapi,Anand,Vapi,259.95,Mixed,Low,Clear,7230.2,3.97,3.97,65.42,175.33
Anand-Rajkot,Anand,Rajkot,247.05,Urban,Medium,Storm,8380.19,3.65,2.8,88.38,236.87
Anand-Rajkot,Anand,Rajkot,222.37,Highway,High,Summer,11197.9,2.59,1.85,120.52,323.0
Anand-Rajkot,Anand,Rajkot,243.71,Highway,High,Clear,12841.65,4.4,3.3,73.77,197.72
Anand-Bhavnagar,Anand,Bhavnagar,133.63,Highway,Low,Foggy,18779.12,2.6,2.21,60.43,161.94
Anand-Bhavnagar,Anand,Bhavnagar,117.63,Mixed,Medium,Summer,18155.75,2.62,2.24,52.45,140.56
Anand-Bhavnagar,Anand,Bhavnagar,121.44,Mixed,Low,Clear,4960.17,2.63,2.63,46.23,123.91
Anand-Bhavnagar,Anand,Bhavnagar,122.82,Highway,Medium,Summer,10929.75,3.67,3.13,39.19,105.02
Anand-Gandhinagar,Anand,Gandhinagar,78.69,Highway,Medium,Clear,17215.17,4.05,3.64,21.59,57.87
Anand-Gandhinagar,Anand,Gandhinagar,83.18,Urban,Low,Foggy,17249.62,4.01,3.41,24.39,65.37
Anand-Gandhinagar,Anand,Gandhinagar,78.78,Highway,Medium,Clear,14863.95,2.73,2.45,32.1,86.03
Anand-Gandhinagar,Anand,Gandhinagar,88.32,Urban,Medium,Clear,8506.53,2.58,2.32,38.01,101.87
Anand-Junagadh,Anand,Junagadh,325.14,Highway,Medium,Clear,9249.61,3.21,2.89,112.64,301.88
Anand-Junagadh,Anand,Junagadh,293.58,Mixed,Low,Foggy,9836.18,2.83,2.41,121.85,326.55
Anand-Junagadh,Anand,Junagadh,306.13,Highway,High,Rainy,9556.7,4.22,2.69,113.71,304.76
Anand-Junagadh,Anand,Junagadh,308.25,Highway,High,Clear,14075.44,4.11,3.09,99.9,267.72
Anand-Junagadh,Anand,Junagadh,273.29,Mixed,High,Rainy,2554.66,4.03,2.57,106.49,285.39
Anand-Kutch,Anand,Kutch,329.92,Mixed,High,Rainy,13920.55,4.45,2.84,116.3,311.69
Anand-Kutch,Anand,Kutch,344.08,Urban,Medium,Clear,10605.78,3.58,3.22,106.71,286.0
Anand-Kutch,Anand,Kutch,369.72,Mixed,Medium,Clear,6226.97,2.72,2.44,151.31,405.5
Anand-Kutch,Anand,Kutch,328.13,Urban,High,Foggy,11977.79,3.91,2.49,131.8,353.23
Anand-Navsari,Anand,Navsari,170.6,Urban,Low,Storm,8179.16,2.74,2.33,73.32,196.5
Anand-Navsari,Anand,Navsari,170.75,Mixed,Medium,Summer,15643.27,2.66,2.28,75.03,201.08
Anand-Navsari,Anand,Navsari,167.31,Mixed,Medium,Summer,16910.26,3.96,3.39,49.41,132.43
Anand-Nadiad,Anand,Nadiad,17.41,Urban,Medium,Clear,8431.64,3.53,3.18,5.48,14.67
Anand-Nadiad,Anand,Nadiad,19.79,Highway,High,Clear,8073.5,2.64,1.98,9.98,26.76
Anand-Nadiad,Anand,Nadiad,16.63,Mixed,Low,Rainy,11539.58,3.49,2.96,5.61,15.04
Anand-Nadiad,Anand,Nadiad,18.94,Urban,High,Foggy,12471.42,2.98,1.9,9.96,26.69
Anand-Nadiad,Anand,Nadiad,17.61,Urban,Medium,Summer,10999.43,3.19,2.73,6.46,17.31
Anand-Patan,Anand,Patan,191.59,Urban,High,Clear,14084.15,4.06,3.04,62.99,168.81
Anand-Patan,Anand,Patan,214.86,Mixed,Medium,Summer,14514.81,4.32,3.69,58.24,156.08
Anand-Patan,Anand,Patan,181.72,Mixed,Low,Rainy,14617.7,3.36,2.86,63.64,170.55
Anand-Patan,Anand,Patan,185.38,Highway,Medium,Summer,9840.66,2.67,2.28,81.16,217.51
Anand-Morbi,Anand,Morbi,228.18,Urban,Low,Foggy,3768.71,3.3,2.8,81.42,218.2
Anand-Morbi,Anand,Morbi,227.07,Urban,Medium,Clear,13048.77,4.05,3.65,62.22,166.75
Anand-Morbi,Anand,Morbi,234.09,Highway,Medium,Rainy,8725.81,4.19,3.2,73.05,195.76
Anand-Morbi,Anand,Morbi,241.06,Highway,Low,Clear,9050.64,3.69,3.69,65.36,175.15
Anand-Bharuch,Anand,Bharuch,98.92,Highway,Low,Rainy,6712.56,3.03,2.58,38.36,102.8
Anand-Bharuch,Anand,Bharuch,90.08,Mixed,Medium,Rainy,5127.05,4.03,3.08,29.21,78.3
Anand-Bharuch,Anand,Bharuch,107.6,Urban,Medium,Summer,4196.75,2.95,2.52,42.73,114.51
Anand-Bharuch,Anand,Bharuch,98.17,Mixed,High,Clear,15242.4,2.83,2.12,46.25,123.95
Anand-Bharuch,Anand,Bharuch,89.22,Mixed,Low,Rainy,11796.82,2.59,2.2,40.51,108.56
Navsari-Ahmedabad,Navsari,Ahmedabad,233.42,Highway,Medium,Clear,3143.06,3.45,3.1,75.23,201.6
Navsari-Ahmedabad,Navsari,Ahmedabad,213.29,Urban,High,Summer,6619.33,3.01,2.14,99.49,266.63
Navsari-Ahmedabad,Navsari,Ahmedabad,264.48,Mixed,Medium,Clear,5578.75,2.83,2.55,103.92,278.5
Navsari-Ahmedabad,Navsari,Ahmedabad,248.17,Mixed,High,Clear,16108.42,2.7,2.02,122.58,328.51
Navsari-Ahmedabad,Navsari,Ahmedabad,257.73,Urban,High,Rainy,2573.11,3.51,2.24,115.1,308.48
Navsari-Surat,Navsari,Surat,31.29,Urban,Low,Summer,16537.54,4.11,3.9,8.01,21.47
Navsari-Surat,Navsari,Surat,34.84,Urban,High,Clear,18105.56,3.58,2.68,12.98,34.78
Navsari-Surat,Navsari,Surat,27.65,Mixed,Medium,Rainy,13032.56,3.74,2.86,9.67,25.91
Navsari-Vadodara,Navsari,Vadodara,156.67,Highway,Medium,Storm,4505.31,2.73,2.09,74.98,200.94
Navsari-Vadodara,Navsari,Vadodara,155.61,Highway,Medium,Clear,7238.01,4.31,3.87,40.16,107.63
Navsari-Vadodara,Navsari,Vadodara,154.28,Mixed,Medium,Summer,6502.52,4.25,3.63,42.45,113.77
Navsari-Vapi,Navsari,Vapi,67.14,Highway,Medium,Clear,9049.43,3.16,2.84,23.62,63.3
Navsari-Vapi,Navsari,Vapi,63.06,Highway,Medium,Foggy,6110.63,3.01,2.3,27.42,73.49
Navsari-Vapi,Navsari,Vapi,72.18,Mixed,Medium,Rainy,7911.91,3.52,2.7,26.77,71.74
Navsari-Vapi,Navsari,Vapi,58.69,Mixed,High,Summer,17755.49,3.33,2.37,24.75,66.32
Navsari-Rajkot,Navsari,Rajkot,305.22,Urban,Medium,Foggy,4448.87,2.55,1.95,156.31,418.9
Navsari-Rajkot,Navsari,Rajkot,242.98,Urban,Medium,Clear,18014.03,3.35,3.01,80.67,216.21
Navsari-Rajkot,Navsari,Rajkot,242.18,Highway,High,Clear,4975.86,3.99,2.99,80.9,216.81
Navsari-Rajkot,Navsari,Rajkot,279.25,Mixed,Medium,Rainy,18308.97,2.59,1.98,141.0,377.87
Navsari-Bhavnagar,Navsari,Bhavnagar,123.75,Highway,High,Rainy,18111.54,2.8,1.79,69.24,185.56
Navsari-Bhavnagar,Navsari,Bhavnagar,127.98,Mixed,Medium,Summer,18753.11,3.04,2.6,49.26,132.01
Navsari-Bhavnagar,Navsari,Bhavnagar,112.13,Mixed,Low,Clear,5350.37,4.17,4.17,26.87,72.0
Navsari-Gandhinagar,Navsari,Gandhinagar,251.93,Highway,Medium,Storm,13900.39,3.63,2.77,90.83,243.43
Navsari-Gandhinagar,Navsari,Gandhinagar,268.54,Highway,Medium,Storm,12549.57,3.27,2.5,107.37,287.76
Navsari-Gandhinagar,Navsari,Gandhinagar,238.57,Highway,Low,Foggy,17427.16,4.41,3.74,63.71,170.73
Navsari-Gandhinagar,Navsari,Gandhinagar,281.28,Highway,Low,Rainy,15023.31,2.9,2.46,114.27,306.23
Navsari-Junagadh,Navsari,Junagadh,296.83,Highway,High,Storm,4270.22,2.92,1.86,159.47,427.38
Navsari-Junagadh,Navsari,Junagadh,267.46,Mixed,Medium,Summer,11397.16,3.41,2.91,91.84,246.14
Navsari-Junagadh,Navsari,Junagadh,294.15,Mixed,Medium,Summer,15300.97,2.82,2.41,122.14,327.35
Navsari-Junagadh,Navsari,Junagadh,238.97,Urban,Medium,Summer,11512.75,3.28,2.81,85.12,228.13
Navsari-Kutch,Navsari,Kutch,459.58,Mixed,Low,Clear,8294.91,3.04,3.04,151.3,405.49
Navsari-Kutch,Navsari,Kutch,395.15,Mixed,Low,Storm,8007.03,3.43,2.92,135.48,363.1
Navsari-Kutch,Navsari,Kutch,466.61,Highway,Medium,Clear,8909.22,3.57,3.22,145.04,388.7
Navsari-Kutch,Navsari,Kutch,400.56,Highway,High,Rainy,14435.22,2.85,1.82,220.29,590.38
Navsari-Anand,Navsari,Anand,191.55,Mixed,Medium,Summer,17550.32,3.56,3.04,62.98,168.77
Navsari-Anand,Navsari,Anand,174.83,Highway,Low,Rainy,18345.85,3.24,2.76,63.45,170.05
Navsari-Anand,Navsari,Anand,183.85,Mixed,High,Clear,13844.25,3.93,2.95,62.3,166.97
Navsari-Anand,Navsari,Anand,160.8,Urban,Medium,Clear,15321.92,2.69,2.42,66.34,177.79
Navsari-Anand,Navsari,Anand,176.54,Urban,Medium,Summer,10382.86,4.07,3.48,50.67,135.8
Navsari-Nadiad,Navsari,Nadiad,215.87,Mixed,High,Clear,7393.27,3.39,2.54,85.03,227.87
Navsari-Nadiad,Navsari,Nadiad,177.17,Mixed,Low,Foggy,7684.1,4.2,3.57,49.65,133.07
Navsari-Nadiad,Navsari,Nadiad,181.98,Mixed,Medium,Clear,4383.5,3.52,3.17,57.47,154.02
Navsari-Nadiad,Navsari,Nadiad,205.55,Urban,High,Rainy,3065.33,3.6,2.3,89.5,239.85
Navsari-Nadiad,Navsari,Nadiad,216.18,Urban,Low,Clear,3427.56,2.8,2.8,77.17,206.81
Navsari-Patan,Navsari,Patan,313.33,Highway,Low,Clear,5573.89,2.94,2.94,106.63,285.78
Navsari-Patan,Navsari,Patan,311.51,Mixed,Medium,Clear,8455.67,3.58,3.22,96.59,258.87
Navsari-Patan,Navsari,Patan,330.7,Urban,High,Foggy,7796.77,4.11,2.62,126.11,337.97
Navsari-Morbi,Navsari,Morbi,325.81,Mixed,Low,Clear,10227.13,3.33,3.33,97.89,262.34
Navsari-Morbi,Navsari,Morbi,283.91,Urban,High,Summer,16324.93,4.21,3.0,94.58,253.48
Navsari-Morbi,Navsari,Morbi,298.7,Mixed,Low,Summer,7117.14,2.91,2.77,107.98,289.39
Navsari-Morbi,Navsari,Morbi,308.1,Urban,Medium,Rainy,4254.29,3.11,2.38,129.32,346.59
Navsari-Morbi,Navsari,Morbi,297.52,Highway,Medium,Storm,19934.49,3.23,2.47,120.3,322.41
Navsari-Bharuch,Navsari,Bharuch,81.29,Mixed,Low,Clear,15912.92,3.46,3.46,23.5,62.99
Navsari-Bharuch,Navsari,Bharuch,94.76,Mixed,Low,Clear,19181.02,3.66,3.66,25.87,69.32
Navsari-Bharuch,Navsari,Bharuch,82.87,Urban,High,Clear,2308.64,3.91,2.93,28.27,75.78
Nadiad-Ahmedabad,Nadiad,Ahmedabad,46.47,Urban,High,Clear,7891.42,3.04,2.28,20.4,54.67
Nadiad-Ahmedabad,Nadiad,Ahmedabad,51.91,Urban,High,Clear,3933.92,2.53,1.9,27.37,73.36
Nadiad-Ahmedabad,Nadiad,Ahmedabad,43.18,Mixed,Medium,Foggy,18663.03,3.82,2.93,14.76,39.56
Nadiad-Surat,Nadiad,Surat,156.91,Urban,High,Clear,16774.55,3.16,2.37,66.31,177.71
Nadiad-Surat,Nadiad,Surat,170.91,Highway,Low,Summer,3700.85,3.8,3.61,47.35,126.89
Nadiad-Surat,Nadiad,Surat,177.46,Highway,High,Summer,9405.32,4.1,2.92,60.73,162.75
Nadiad-Surat,Nadiad,Surat,158.86,Highway,Low,Clear,9941.45,2.61,2.61,60.78,162.9
Nadiad-Vadodara,Nadiad,Vadodara,52.52,Mixed,Medium,Storm,11252.23,3.2,2.45,21.46,57.52
Nadiad-Vadodara,Nadiad,Vadodara,57.28,Mixed,Medium,Clear,3518.06,2.52,2.26,25.3,67.79
Nadiad-Vadodara,Nadiad,Vadodara,60.31,Urban,High,Rainy,3492.47,4.36,2.78,21.7,58.15
Nadiad-Vadodara,Nadiad,Vadodara,55.51,Mixed,High,Foggy,19983.24,2.9,1.85,30.02,80.45
Nadiad-Vapi,Nadiad,Vapi,293.69,Highway,High,Storm,7911.65,3.47,2.21,132.93,356.24
Nadiad-Vapi,Nadiad,Vapi,268.2,Mixed,Medium,Clear,16851.91,3.3,2.97,90.24,241.84
Nadiad-Vapi,Nadiad,Vapi,239.96,Mixed,Medium,Summer,4765.91,4.2,3.59,66.75,178.89
Nadiad-Vapi,Nadiad,Vapi,249.7,Highway,High,Clear,16001.57,4.3,3.23,77.38,207.38
Nadiad-Rajkot,Nadiad,Rajkot,240.52,Urban,Medium,Clear,14297.23,4.47,4.02,59.8,160.26
Nadiad-Rajkot,Nadiad,Rajkot,213.56,Highway,Medium,Clear,5693.8,3.26,2.93,72.83,195.19
Nadiad-Rajkot,Nadiad,Rajkot,197.57,Highway,High,Rainy,4411.9,2.98,1.9,104.17,279.18
Nadiad-Bhavnagar,Nadiad,Bhavnagar,144.79,Mixed,Low,Clear,12032.57,3.88,3.88,37.29,99.94
Nadiad-Bhavnagar,Nadiad,Bhavnagar,121.45,Urban,High,Summer,4077.43,2.68,1.91,63.59,170.42
Nadiad-Bhavnagar,Nadiad,Bhavnagar,127.09,Urban,High,Storm,10042.08,3.28,2.09,60.73,162.74
Nadiad-Bhavnagar,Nadiad,Bhavnagar,118.23,Highway,Low,Rainy,18648.36,3.44,2.92,40.48,108.5
Nadiad-Gandhinagar,Nadiad,Gandhinagar,67.22,Mixed,High,Rainy,11630.0,3.97,2.53,26.53,71.11
Nadiad-Gandhinagar,Nadiad,Gandhinagar,68.11,Urban,High,Summer,8308.11,2.68,1.91,35.6,95.42
Nadiad-Gandhinagar,Nadiad,Gandhinagar,62.17,Mixed,Low,Summer,2498.65,2.7,2.56,24.28,65.07
Nadiad-Gandhinagar,Nadiad,Gandhinagar,72.79,Urban,High,Foggy,9839.46,2.58,1.65,44.22,118.52
Nadiad-Junagadh,Nadiad,Junagadh,316.02,Mixed,Medium,Storm,5317.81,3.6,2.76,114.66,307.29
Nadiad-Junagadh,Nadiad,Junagadh,276.93,Mixed,High,Foggy,7925.86,2.83,1.8,153.75,412.04
Nadiad-Junagadh,Nadiad,Junagadh,319.18,Urban,High,Summer,9009.54,4.27,3.04,104.93,281.22
Nadiad-Kutch,Nadiad,Kutch,294.06,Urban,Medium,Clear,7075.74,3.4,3.06,96.09,257.52
Nadiad-Kutch,Nadiad,Kutch,346.03,Urban,Medium,Rainy,18823.49,2.71,2.07,166.79,446.99
Nadiad-Kutch,Nadiad,Kutch,292.34,Highway,High,Rainy,9608.27,3.43,2.18,133.86,358.73
Nadiad-Kutch,Nadiad,Kutch,291.82,Mixed,Medium,Clear,5543.94,2.72,2.45,119.23,319.53
Nadiad-Kutch,Nadiad,Kutch,333.21,Mixed,Medium,Clear,15762.66,3.82,3.44,96.85,259.56
Nadiad-Anand,Nadiad,Anand,17.85,Highway,High,Rainy,4330.95,4.4,2.81,6.36,17.04
Nadiad-Anand,Nadiad,Anand,16.35,Urban,Medium,Clear,9351.53,2.64,2.37,6.89,18.46
Nadiad-Anand,Nadiad,Anand,17.35,Urban,High,Summer,11687.35,2.63,1.87,9.27,24.85
Nadiad-Navsari,Nadiad,Navsari,192.89,Urban,Medium,Storm,13921.13,2.78,2.12,90.86,243.5
Nadiad-Navsari,Nadiad,Navsari,181.93,Urban,Medium,Storm,5285.94,3.31,2.53,71.84,192.53
Nadiad-Navsari,Nadiad,Navsari,202.85,Mixed,Low,Rainy,15331.83,2.78,2.37,85.75,229.82
Nadiad-Navsari,Nadiad,Navsari,205.28,Mixed,High,Summer,5592.15,4.45,3.17,64.78,173.62
Nadiad-Patan,Nadiad,Patan,175.65,Mixed,Low,Summer,14412.02,2.74,2.61,67.39,180.6
Nadiad-Patan,Nadiad,Patan,186.1,Mixed,Medium,Foggy,17625.32,4.3,3.29,56.56,151.58
Nadiad-Patan,Nadiad,Patan,163.89,Highway,Low,Rainy,4496.44,3.77,3.2,51.17,137.13
Nadiad-Morbi,Nadiad,Morbi,195.64,Highway,Medium,Summer,13485.07,4.17,3.57,54.85,147.01
Nadiad-Morbi,Nadiad,Morbi,200.58,Mixed,Medium,Storm,14435.43,3.55,2.72,73.86,197.95
Nadiad-Morbi,Nadiad,Morbi,186.03,Mixed,Medium,Storm,10073.97,3.39,2.59,71.8,192.42
Nadiad-Bharuch,Nadiad,Bharuch,116.22,Highway,Medium,Clear,4087.14,3.5,3.15,36.91,98.92
Nadiad-Bharuch,Nadiad,Bharuch,117.25,Mixed,Low,Rainy,14537.42,3.56,3.02,38.79,103.97
Nadiad-Bharuch,Nadiad,Bharuch,116.13,Mixed,Medium,Clear,17868.26,2.81,2.53,45.89,122.98
Patan-Ahmedabad,Patan,Ahmedabad,120.45,Mixed,Low,Summer,19682.42,4.21,4.0,30.12,80.72
Patan-Ahmedabad,Patan,Ahmedabad,112.08,Urban,High,Clear,11987.47,3.55,2.66,42.07,112.76
Patan-Ahmedabad,Patan,Ahmedabad,134.89,Highway,Low,Clear,5793.66,3.86,3.86,34.95,93.66
Patan-Surat,Patan,Surat,342.19,Highway,Medium,Clear,14399.41,3.2,2.88,118.73,318.19
Patan-Surat,Patan,Surat,334.69,Highway,High,Clear,16869.63,3.04,2.28,146.72,393.21
Patan-Surat,Patan,Surat,314.58,Mixed,Low,Clear,18870.31,4.38,4.38,71.75,192.29
Patan-Surat,Patan,Surat,285.09,Urban,Medium,Clear,18465.03,3.03,2.72,104.66,280.5
Patan-Surat,Patan,Surat,345.16,Mixed,Low,Rainy,15753.62,4.42,3.76,91.86,246.19
Patan-Vadodara,Patan,Vadodara,236.13,Urban,High,Clear,9265.22,3.68,2.76,85.59,229.39
Patan-Vadodara,Patan,Vadodara,229.85,Urban,Medium,Storm,13250.89,3.85,2.95,77.99,209.01
Patan-Vadodara,Patan,Vadodara,243.78,Highway,Low,Clear,8313.48,3.77,3.77,64.61,173.15
Patan-Vapi,Patan,Vapi,376.06,Mixed,Medium,Summer,16558.73,2.93,2.5,150.18,402.48
Patan-Vapi,Patan,Vapi,398.64,Mixed,Medium,Clear,17720.47,3.0,2.7,147.45,395.18
Patan-Vapi,Patan,Vapi,372.95,Mixed,High,Foggy,17532.41,3.52,2.24,166.28,445.64
Patan-Vapi,Patan,Vapi,407.58,Mixed,Medium,Rainy,16252.7,4.12,3.15,129.2,346.27
Patan-Vapi,Patan,Vapi,379.39,Urban,Medium,Clear,13575.73,2.79,2.51,151.24,405.32
Patan-Rajkot,Patan,Rajkot,204.47,Mixed,Medium,Rainy,2600.26,3.81,2.92,70.12,187.92
Patan-Rajkot,Patan,Rajkot,198.89,Highway,Medium,Clear,3156.1,2.81,2.53,78.72,210.98
Patan-Rajkot,Patan,Rajkot,176.47,Urban,Medium,Clear,2133.16,4.09,3.68,47.9,128.36
Patan-Rajkot,Patan,Rajkot,213.03,Urban,Medium,Clear,13942.56,4.16,3.74,56.91,152.51
Patan-Rajkot,Patan,Rajkot,168.41,Mixed,Medium,Clear,11093.37,3.25,2.93,57.49,154.09
Patan-Bhavnagar,Patan,Bhavnagar,240.12,Highway,Medium,Foggy,14606.05,3.64,2.78,86.28,231.22
Patan-Bhavnagar,Patan,Bhavnagar,248.57,Highway,Medium,Rainy,6196.81,3.64,2.78,89.36,239.48
Patan-Bhavnagar,Patan,Bhavnagar,233.55,Mixed,Low,Rainy,16456.87,3.56,3.02,77.28,207.1
Patan-Bhavnagar,Patan,Bhavnagar,248.28,Urban,High,Rainy,15705.96,3.52,2.24,110.78,296.9
Patan-Gandhinagar,Patan,Gandhinagar,111.66,Highway,Low,Foggy,5504.58,3.61,3.07,36.4,97.55
Patan-Gandhinagar,Patan,Gandhinagar,112.11,Mixed,Low,Clear,8117.72,3.52,3.52,31.83,85.32
Patan-Gandhinagar,Patan,Gandhinagar,133.22,Urban,Low,Summer,9944.84,3.32,3.15,42.25,113.23
Patan-Gandhinagar,Patan,Gandhinagar,117.82,Highway,High,Clear,7004.14,3.46,2.59,45.43,121.75
Patan-Junagadh,Patan,Junagadh,287.54,Urban,High,Rainy,12075.58,3.66,2.33,123.25,330.32
Patan-Junagadh,Patan,Junagadh,261.96,Mixed,High,Foggy,16645.58,3.13,2.0,131.27,351.8
Patan-Junagadh,Patan,Junagadh,295.78,Highway,Medium,Clear,9829.36,3.98,3.58,82.52,221.16
Patan-Kutch,Patan,Kutch,184.41,Urban,Medium,Summer,14221.64,2.51,2.15,85.89,230.18
Patan-Kutch,Patan,Kutch,177.87,Urban,Low,Storm,17334.74,4.08,3.47,51.24,137.32
Patan-Kutch,Patan,Kutch,175.75,Highway,Low,Foggy,18035.6,2.67,2.27,77.47,207.63
Patan-Kutch,Patan,Kutch,158.43,Mixed,High,Foggy,3030.29,2.99,1.91,83.07,222.63
Patan-Anand,Patan,Anand,213.53,Urban,High,Summer,5384.74,4.14,2.95,72.31,193.78
Patan-Anand,Patan,Anand,173.32,Mixed,High,Clear,7669.0,4.27,3.2,54.09,144.96
Patan-Anand,Patan,Anand,185.76,Mixed,High,Foggy,4696.95,4.36,2.78,66.86,179.18
Patan-Anand,Patan,Anand,189.97,Highway,Medium,Storm,6277.33,4.17,3.19,59.52,159.52
Patan-Navsari,Patan,Navsari,357.87,Highway,Low,Summer,3471.68,2.8,2.66,134.7,361.0
Patan-Navsari,Patan,Navsari,339.1,Urban,Medium,Rainy,13148.54,4.28,3.28,103.51,277.42
Patan-Navsari,Patan,Navsari,343.45,Mixed,Medium,Rainy,8604.56,2.64,2.02,169.96,455.5
Patan-Navsari,Patan,Navsari,321.05,Highway,Low,Clear,5323.66,2.91,2.91,110.23,295.43
Patan-Nadiad,Patan,Nadiad,180.84,Mixed,Low,Rainy,14791.68,4.17,3.54,51.08,136.89
Patan-Nadiad,Patan,Nadiad,179.87,Urban,High,Summer,4283.72,4.2,2.99,60.07,160.98
Patan-Nadiad,Patan,Nadiad,155.44,Highway,Medium,Rainy,9635.76,3.29,2.51,61.81,165.66
Patan-Nadiad,Patan,Nadiad,180.77,Highway,Medium,Foggy,12295.17,2.71,2.08,87.04,233.26
Patan-Morbi,Patan,Morbi,127.48,Urban,Medium,Clear,2792.94,3.78,3.41,37.43,100.31
Patan-Morbi,Patan,Morbi,124.32,Urban,High,Clear,19253.79,2.68,2.01,61.8,165.61
Patan-Morbi,Patan,Morbi,139.36,Highway,High,Foggy,8888.39,3.24,2.07,67.4,180.65
Patan-Morbi,Patan,Morbi,152.55,Highway,Medium,Clear,8089.39,2.7,2.43,62.68,167.98
Patan-Bharuch,Patan,Bharuch,276.81,Highway,Medium,Storm,7891.83,3.95,3.02,91.67,245.67
Patan-Bharuch,Patan,Bharuch,262.31,Mixed,Low,Clear,8003.15,2.55,2.55,102.9,275.77
Patan-Bharuch,Patan,Bharuch,242.98,Highway,High,Clear,7379.31,3.98,2.98,81.5,218.41
Patan-Bharuch,Patan,Bharuch,281.19,Highway,Medium,Clear,14814.17,3.2,2.88,97.57,261.48
Patan-Bharuch,Patan,Bharuch,261.2,Mixed,High,Rainy,16550.19,2.57,1.64,159.27,426.85
Morbi-Ahmedabad,Morbi,Ahmedabad,178.77,Mixed,Medium,Clear,9582.6,3.06,2.76,64.81,173.7
Morbi-Ahmedabad,Morbi,Ahmedabad,191.34,Mixed,Low,Clear,5464.91,4.37,4.37,43.74,117.22
Morbi-Ahmedabad,Morbi,Ahmedabad,192.95,Highway,Medium,Rainy,17077.1,3.49,2.67,72.22,193.54
Morbi-Ahmedabad,Morbi,Ahmedabad,198.86,Highway,High,Rainy,4232.07,3.74,2.39,83.35,223.38
Morbi-Ahmedabad,Morbi,Ahmedabad,161.45,Mixed,Low,Summer,18667.74,3.58,3.4,47.52,127.35
Morbi-Surat,Morbi,Surat,282.85,Urban,Low,Summer,10145.02,4.24,4.03,70.23,188.22
Morbi-Surat,Morbi,Surat,259.37,Urban,Medium,Summer,10275.46,3.92,3.35,77.4,207.43
Morbi-Surat,Morbi,Surat,258.75,Mixed,Medium,Rainy,5397.21,4.5,3.44,75.2,201.53
Morbi-Surat,Morbi,Surat,273.93,Mixed,Medium,Clear,14628.62,3.09,2.78,98.47,263.91
Morbi-Surat,Morbi,Surat,253.01,Urban,Low,Summer,9445.57,4.21,4.0,63.26,169.53
Morbi-Vadodara,Morbi,Vadodara,259.71,Urban,High,Clear,19055.6,4.27,3.2,81.1,217.34
Morbi-Vadodara,Morbi,Vadodara,280.19,Urban,Medium,Rainy,2356.64,2.53,1.94,144.73,387.88
Morbi-Vadodara,Morbi,Vadodara,267.03,Highway,Medium,Summer,17541.28,3.07,2.62,101.88,273.04
Morbi-Vadodara,Morbi,Vadodara,268.65,Highway,Low,Rainy,9523.27,2.7,2.3,116.88,313.25
Morbi-Vapi,Morbi,Vapi,352.57,Mixed,High,Summer,11149.31,4.12,2.94,120.1,321.86
Morbi-Vapi,Morbi,Vapi,382.08,Highway,High,Clear,5263.45,4.34,3.25,117.43,314.72
Morbi-Vapi,Morbi,Vapi,384.72,Highway,High,Clear,3193.16,3.87,2.9,132.54,355.21
Morbi-Vapi,Morbi,Vapi,365.84,Mixed,Medium,Rainy,14550.84,2.71,2.08,176.29,472.46
Morbi-Rajkot,Morbi,Rajkot,51.57,Mixed,High,Storm,13771.06,3.74,2.39,21.61,57.91
Morbi-Rajkot,Morbi,Rajkot,56.58,Highway,High,Rainy,15939.36,3.19,2.04,27.8,74.51
Morbi-Rajkot,Morbi,Rajkot,61.86,Highway,Medium,Clear,7179.63,3.0,2.7,22.93,61.45
Morbi-Bhavnagar,Morbi,Bhavnagar,157.71,Highway,Medium,Rainy,10708.21,2.61,2.0,78.88,211.39
Morbi-Bhavnagar,Morbi,Bhavnagar,197.76,Highway,Medium,Summer,13961.31,4.34,3.71,53.25,142.71
Morbi-Bhavnagar,Morbi,Bhavnagar,187.28,Mixed,Low,Rainy,7350.84,3.71,3.15,59.44,159.3
Morbi-Bhavnagar,Morbi,Bhavnagar,165.45,Urban,Low,Clear,8766.16,3.43,3.43,48.19,129.15
Morbi-Bhavnagar,Morbi,Bhavnagar,177.12,Mixed,Medium,Summer,7294.23,2.95,2.52,70.33,188.48
Morbi-Gandhinagar,Morbi,Gandhinagar,174.16,Highway,Low,Rainy,5802.27,4.11,3.49,49.86,133.61
Morbi-Gandhinagar,Morbi,Gandhinagar,181.78,Mixed,High,Storm,15861.17,3.09,1.97,92.21,247.13
Morbi-Gandhinagar,Morbi,Gandhinagar,192.28,Highway,High,Storm,15045.37,2.95,1.88,102.17,273.83
Morbi-Gandhinagar,Morbi,Gandhinagar,209.03,Urban,Medium,Clear,19811.58,3.19,2.87,72.87,195.3
Morbi-Gandhinagar,Morbi,Gandhinagar,202.67,Highway,High,Storm,16750.02,3.37,2.15,94.29,252.7
Morbi-Junagadh,Morbi,Junagadh,157.42,Highway,High,Rainy,6382.16,3.84,2.45,64.35,172.47
Morbi-Junagadh,Morbi,Junagadh,137.68,Highway,Low,Clear,9215.82,3.52,3.52,39.1,104.78
Morbi-Junagadh,Morbi,Junagadh,165.6,Urban,High,Storm,15531.71,3.68,2.34,70.65,189.35
Morbi-Junagadh,Morbi,Junagadh,165.79,Mixed,Medium,Storm,9827.91,3.37,2.58,64.31,172.36
Morbi-Junagadh,Morbi,Junagadh,153.27,Urban,Low,Storm,18161.58,3.84,3.26,46.97,125.89
Morbi-Kutch,Morbi,Kutch,129.05,Mixed,Medium,Rainy,7954.9,4.26,3.26,39.63,106.21
Morbi-Kutch,Morbi,Kutch,126.8,Highway,High,Clear,16945.9,3.83,2.87,44.19,118.44
Morbi-Kutch,Morbi,Kutch,115.71,Mixed,Low,Clear,4797.89,4.17,4.17,27.75,74.36
Morbi-Kutch,Morbi,Kutch,134.47,Highway,Medium,Foggy,12732.43,2.54,1.95,69.08,185.14
Morbi-Kutch,Morbi,Kutch,125.25,Urban,High,Foggy,13027.58,4.46,2.84,44.04,118.03
Morbi-Anand,Morbi,Anand,199.81,Urban,Medium,Summer,15482.01,2.86,2.44,81.75,219.09
Morbi-Anand,Morbi,Anand,204.45,Highway,Medium,Storm,3879.81,3.48,2.66,76.82,205.87
Morbi-Anand,Morbi,Anand,203.88,Urban,Low,Clear,7454.3,3.89,3.89,52.38,140.39
Morbi-Anand,Morbi,Anand,228.4,Urban,High,Rainy,18018.68,2.84,1.81,126.32,338.53
Morbi-Navsari,Morbi,Navsari,272.38,Mixed,Medium,Summer,14319.7,3.19,2.73,99.87,267.65
Morbi-Navsari,Morbi,Navsari,331.15,Urban,Low,Foggy,6210.82,4.23,3.59,92.19,247.06
Morbi-Navsari,Morbi,Navsari,302.08,Mixed,High,Summer,10501.64,2.81,2.0,150.84,404.26
Morbi-Nadiad,Morbi,Nadiad,230.7,Highway,Low,Clear,7479.28,2.92,2.92,78.98,211.67
Morbi-Nadiad,Morbi,Nadiad,203.34,Urban,High,Summer,5802.33,3.06,2.18,93.2,249.76
Morbi-Nadiad,Morbi,Nadiad,223.52,Mixed,High,Rainy,17065.57,4.31,2.75,81.28,217.84
Morbi-Patan,Morbi,Patan,130.39,Mixed,Low,Clear,13174.51,4.29,4.29,30.39,81.44
Morbi-Patan,Morbi,Patan,137.28,Mixed,Low,Rainy,8338.58,2.74,2.33,58.98,158.06
Morbi-Patan,Morbi,Patan,132.07,Urban,Medium,Clear,19518.24,4.14,3.72,35.47,95.07
Morbi-Bharuch,Morbi,Bharuch,266.57,Urban,Low,Summer,2881.87,2.86,2.72,98.16,263.06
Morbi-Bharuch,Morbi,Bharuch,275.07,Mixed,Medium,Storm,18066.17,3.25,2.48,110.75,296.81
Morbi-Bharuch,Morbi,Bharuch,276.6,Highway,Medium,Clear,18292.32,4.37,3.93,70.4,188.67
Morbi-Bharuch,Morbi,Bharuch,251.68,Urban,Medium,Summer,6800.92,3.6,3.08,81.74,219.08
Bharuch-Ahmedabad,Bharuch,Ahmedabad,138.33,Urban,Medium,Summer,9798.37,3.84,3.28,42.12,112.88
Bharuch-Ahmedabad,Bharuch,Ahmedabad,146.27,Urban,High,Storm,17018.24,3.62,2.31,63.42,169.97
Bharuch-Ahmedabad,Bharuch,Ahmedabad,137.28,Highway,Medium,Clear,15493.32,3.36,3.02,45.38,121.63
Bharuch-Ahmedabad,Bharuch,Ahmedabad,164.75,Highway,High,Summer,2435.79,4.09,2.92,56.5,151.42
Bharuch-Ahmedabad,Bharuch,Ahmedabad,139.56,Highway,Medium,Summer,4603.33,2.96,2.53,55.23,148.0
Bharuch-Surat,Bharuch,Surat,52.55,Urban,Medium,Clear,4477.22,3.8,3.42,15.36,41.16
Bharuch-Surat,Bharuch,Surat,59.59,Mixed,Medium,Storm,14327.85,2.8,2.14,27.79,74.48
Bharuch-Surat,Bharuch,Surat,62.51,Highway,Medium,Clear,11407.4,3.04,2.73,22.87,61.3
Bharuch-Surat,Bharuch,Surat,53.12,Highway,Medium,Clear,13522.59,3.45,3.1,17.12,45.89
Bharuch-Surat,Bharuch,Surat,52.69,Urban,Medium,Storm,16148.36,4.21,3.22,16.37,43.88
Bharuch-Vadodara,Bharuch,Vadodara,65.63,Mixed,Low,Foggy,17408.59,4.37,3.71,17.67,47.35
Bharuch-Vadodara,Bharuch,Vadodara,64.64,Urban,Low,Rainy,4898.48,4.35,3.7,17.46,46.8
Bharuch-Vadodara,Bharuch,Vadodara,63.03,Highway,Medium,Rainy,11683.29,2.76,2.11,29.89,80.1
Bharuch-Vadodara,Bharuch,Vadodara,73.41,Highway,Medium,Clear,8193.87,4.1,3.69,19.91,53.36
Bharuch-Vapi,Bharuch,Vapi,163.43,Urban,Low,Storm,19278.34,2.94,2.5,65.5,175.53
Bharuch-Vapi,Bharuch,Vapi,169.06,Highway,Medium,Clear,2301.7,4.32,3.88,43.52,116.62
Bharuch-Vapi,Bharuch,Vapi,165.5,Highway,Medium,Rainy,9614.57,3.32,2.54,65.17,174.67
Bharuch-Vapi,Bharuch,Vapi,149.62,Urban,High,Clear,11313.51,3.41,2.56,58.52,156.83
Bharuch-Vapi,Bharuch,Vapi,139.26,Highway,Low,Rainy,11746.11,3.35,2.85,48.94,131.15
Bharuch-Rajkot,Bharuch,Rajkot,261.03,Mixed,High,Clear,18641.07,4.1,3.07,84.94,227.65
Bharuch-Rajkot,Bharuch,Rajkot,237.31,Highway,High,Clear,3982.97,4.22,3.17,74.91,200.77
Bharuch-Rajkot,Bharuch,Rajkot,221.71,Highway,Low,Storm,13052.51,3.07,2.61,85.0,227.81
Bharuch-Bhavnagar,Bharuch,Bhavnagar,88.58,Mixed,High,Clear,18037.74,4.11,3.08,28.72,76.97
Bharuch-Bhavnagar,Bharuch,Bhavnagar,89.69,Mixed,Low,Storm,18051.77,3.27,2.78,32.28,86.5
Bharuch-Bhavnagar,Bharuch,Bhavnagar,86.62,Highway,Medium,Rainy,16007.53,3.85,2.95,29.37,78.72
Bharuch-Bhavnagar,Bharuch,Bhavnagar,83.2,Mixed,Medium,Clear,2571.56,3.89,3.5,23.76,63.68
Bharuch-Bhavnagar,Bharuch,Bhavnagar,89.23,Urban,Medium,Storm,9970.36,3.06,2.34,38.06,101.99
Bharuch-Gandhinagar,Bharuch,Gandhinagar,179.95,Mixed,Medium,Rainy,13158.95,3.67,2.81,64.06,171.68
Bharuch-Gandhinagar,Bharuch,Gandhinagar,159.36,Highway,High,Clear,16436.55,2.65,1.99,80.08,214.62
Bharuch-Gandhinagar,Bharuch,Gandhinagar,165.23,Urban,High,Rainy,18667.99,3.05,1.95,84.89,227.51
Bharuch-Gandhinagar,Bharuch,Gandhinagar,194.56,Highway,Medium,Rainy,9837.37,3.76,2.87,67.69,181.4
Bharuch-Gandhinagar,Bharuch,Gandhinagar,167.64,Mixed,Medium,Summer,10044.08,2.9,2.48,67.68,181.38
Bharuch-Junagadh,Bharuch,Junagadh,275.98,Urban,High,Rainy,19103.42,2.82,1.8,153.66,411.81
Bharuch-Junagadh,Bharuch,Junagadh,286.3,Urban,Medium,Clear,11984.91,3.55,3.19,89.64,240.24
Bharuch-Junagadh,Bharuch,Junagadh,247.43,Mixed,Medium,Summer,6768.16,4.5,3.84,64.36,172.49
Bharuch-Kutch,Bharuch,Kutch,390.01,Highway,High,Foggy,17577.12,4.03,2.57,151.88,407.04
Bharuch-Kutch,Bharuch,Kutch,422.69,Highway,Medium,Clear,8191.49,2.73,2.46,171.89,460.67
Bharuch-Kutch,Bharuch,Kutch,338.48,Mixed,Low,Rainy,19191.56,4.41,3.75,90.35,242.14
Bharuch-Kutch,Bharuch,Kutch,424.13,Urban,Low,Clear,16496.91,3.75,3.75,112.99,302.8
Bharuch-Anand,Bharuch,Anand,106.24,Mixed,Low,Summer,6667.88,2.55,2.42,43.88,117.59
Bharuch-Anand,Bharuch,Anand,88.17,Urban,High,Summer,17133.25,2.59,1.85,47.71,127.86
Bharuch-Anand,Bharuch,Anand,100.37,Mixed,High,Rainy,10906.13,2.84,1.81,55.43,148.55
Bharuch-Anand,Bharuch,Anand,88.73,Mixed,High,Rainy,3126.04,3.55,2.26,39.22,105.11
Bharuch-Navsari,Bharuch,Navsari,79.71,Highway,High,Rainy,9221.69,3.59,2.29,34.82,93.32
Bharuch-Navsari,Bharuch,Navsari,90.84,Mixed,Medium,Rainy,17564.06,2.8,2.14,42.45,113.78
Bharuch-Navsari,Bharuch,Navsari,76.76,Urban,Low,Foggy,8807.42,2.64,2.24,34.24,91.76
Bharuch-Navsari,Bharuch,Navsari,94.05,Urban,Low,Clear,8792.11,4.46,4.46,21.08,56.5
Bharuch-Navsari,Bharuch,Navsari,76.88,Highway,Medium,Clear,14294.37,2.71,2.44,31.49,84.39
Bharuch-Nadiad,Bharuch,Nadiad,103.7,Highway,Medium,Clear,10249.78,3.36,3.02,34.32,91.99
Bharuch-Nadiad,Bharuch,Nadiad,122.86,Urban,High,Foggy,16653.49,3.7,2.36,52.05,139.49
Bharuch-Nadiad,Bharuch,Nadiad,112.98,Mixed,High,Clear,18312.53,3.32,2.49,45.35,121.53
Bharuch-Nadiad,Bharuch,Nadiad,106.15,Mixed,High,Rainy,11620.17,4.1,2.62,40.58,108.75
Bharuch-Patan,Bharuch,Patan,302.86,Mixed,High,Rainy,6934.3,4.45,2.84,106.64,285.8
Bharuch-Patan,Bharuch,Patan,257.04,Highway,Medium,Summer,18789.06,3.98,3.4,75.57,202.53
Bharuch-Patan,Bharuch,Patan,240.79,Mixed,Medium,Clear,2794.71,3.47,3.13,77.0,206.37
Bharuch-Morbi,Bharuch,Morbi,253.32,Highway,Medium,Storm,18912.97,3.11,2.38,106.58,285.64
Bharuch-Morbi,Bharuch,Morbi,241.9,Mixed,Low,Rainy,5290.62,2.96,2.52,96.14,257.66
Bharuch-Morbi,Bharuch,Morbi,264.71,Mixed,Medium,Clear,8567.06,2.68,2.41,109.85,294.39
Bharuch-Morbi,Bharuch,Morbi,276.62,Mixed,Medium,Summer,15615.77,3.53,3.02,91.56,245.38
Bharuch-Morbi,Bharuch,Morbi,239.15,Mixed,Medium,Summer,2478.75,4.05,3.46,69.13,185.26
